source,id,year,title,doi,language,url
MED,42581620,2026,Artificial Intelligence-Based Multimodal Ultrasound Model for Prediction of Spontaneous Preterm Birth: Development and Validation.,10.1002/jum.70412,eng,https://pubmed.ncbi.nlm.nih.gov/42581620/
MED,42196906,2026,"Artificial Intelligence in Cervical Cytology: Opportunities and Limitations in Screening, Triage, and Diagnostic Support.",10.3390/diagnostics16101541,eng,https://pubmed.ncbi.nlm.nih.gov/42196906/
PPR,PPR1234217,2026,Artificial intelligence integrating diagnostic clinical feature recognition for cervical lesion diagnosis and biopsy position locating under colposcopy,10.21203/rs.3.rs-9524291/v1,,https://europepmc.org/article/PPR/PPR1234217
MED,42122280,2026,Artificial Intelligence-Assisted Colposcopy: Deep Learning Multi-Class Segmentation of Anatomical Structures and Pathological Findings for Cervical Cancer Screening.,10.3390/cancers18091485,eng,https://pubmed.ncbi.nlm.nih.gov/42122280/
MED,42566440,2026,Diagnostic performance of artificial intelligence models trained on scattered single-cell images is not preserved for hyperchromatic crowded cell groups in cervical cytology.,10.1002/cncy.70140,eng,https://pubmed.ncbi.nlm.nih.gov/42566440/
MED,42343867,2026,Artificial intelligence in cervical cancer screening and triage: a role-stratified systematic review and bivariate meta-analysis.,10.1097/cco.0000000000001255,eng,https://pubmed.ncbi.nlm.nih.gov/42343867/
MED,41589749,2026,Higher Diagnostic Accuracy of an AI Model for Colposcopy Compared With Conventional and Digital Colposcopic Evaluation.,10.1097/lgt.0000000000000931,eng,https://pubmed.ncbi.nlm.nih.gov/41589749/
MED,42368966,2026,CITOBOT AI for real-world cervical cancer screening using colposcopy imaging.,10.3389/fpubh.2026.1802494,eng,https://pubmed.ncbi.nlm.nih.gov/42368966/
MED,41975688,2026,Predictive Value of Positive Endocervical Curettage Results Obtained During Colposcopy.,10.3390/diagnostics16070976,eng,https://pubmed.ncbi.nlm.nih.gov/41975688/
MED,42523012,2026,An explainable machine learning approach for cervical cancer screening: decoding morphological diagnostic drivers.,10.1080/17843286.2026.2711062,eng,https://pubmed.ncbi.nlm.nih.gov/42523012/
MED,42204023,2026,MMTC-Net: Multimodal Temporal Cervical Network for HSIL+ Recognition in Precancer Screening.,10.1007/s10278-026-02004-z,eng,https://pubmed.ncbi.nlm.nih.gov/42204023/
MED,42369264,2026,Artificial Intelligence Colposcopy Models for Cervical Cancer Screening and Diagnosis: A Systematic Review and Meta-Analysis.,10.1007/s13224-026-02352-4,eng,https://pubmed.ncbi.nlm.nih.gov/42369264/
MED,41316410,2025,"Artificial intelligence-driven screening, early diagnosis, and treatment strategies for cervical cancer: an overview.",10.1186/s13027-025-00716-5,eng,https://pubmed.ncbi.nlm.nih.gov/41316410/
MED,41028901,2026,Commercially Available Artificial Intelligence Solutions for Gynaecologic Cytology Screening and Their Integration Into Clinical Workflow.,10.1111/cyt.70023,eng,https://pubmed.ncbi.nlm.nih.gov/41028901/
PPR,PPR1182717,2026,Smart Scope® CX AI-enabled Test for Detection of Pre-Cancerous Lesions of the Cervix in Primary Screening: A Comparison with Cytology and VIA-VILI,10.21203/rs.3.rs-9150646/v1,,https://europepmc.org/article/PPR/PPR1182717
MED,41386246,2026,"Performance of an artificial intelligence-based tool for cervical precancer screening in five countries in Africa: a prospective, observational, diagnostic accuracy study.",10.1016/s2214-109x(25)00352-3,eng,https://pubmed.ncbi.nlm.nih.gov/41386246/
MED,42663198,2026,Enhanced Diagnosis of Cervical Cancer Using Archer Fish Hunting Optimizer-Optimized Xception Network with AI Interpretability via Grad-CAM.,10.31557/apjcp.2026.27.8.2783,eng,https://pubmed.ncbi.nlm.nih.gov/42663198/
MED,41053665,2025,AI-Driven predictive modeling of cervical intraepithelial neoplasia severity: a comprehensive analysis with clinical adoption frameworks.,10.1186/s12885-025-14974-4,eng,https://pubmed.ncbi.nlm.nih.gov/41053665/
MED,41341935,2025,Advances in artificial intelligence for the early detection of cervical cancer in adult women: a scoping review.,10.61622/rbgo/2025rbgo76,eng,https://pubmed.ncbi.nlm.nih.gov/41341935/
MED,42102630,2026,Multi-center-validated machine learning model for cervical cancer based on human papillomavirus genotyping results.,10.1016/j.ijgc.2025.102855,eng,https://pubmed.ncbi.nlm.nih.gov/42102630/
MED,41852843,2026,A multi-magnification digital colposcopy image datasets for cervical cancer screening in Nigeria.,10.1016/j.dib.2026.112633,eng,https://pubmed.ncbi.nlm.nih.gov/41852843/
MED,41550300,2025,"Application of artificial intelligence in cervical cytology: a systematic review of deep learning models, datasets, and reported metrics.",10.3389/fdata.2025.1678863,eng,https://pubmed.ncbi.nlm.nih.gov/41550300/
MED,42380812,2026,Artificial intelligence for cervical cancer screening and diagnosis using Pap smear images: a systematic review.,10.1186/s12885-026-16427-y,eng,https://pubmed.ncbi.nlm.nih.gov/42380812/
MED,42666167,2026,Correlation between atypical squamous cells-cannot exclude high-grade squamous intraepithelial lesion and cervical lesions: a retrospective analysis of opportunistic and organized cervical screening populations.,10.3389/fonc.2026.1926183,eng,https://pubmed.ncbi.nlm.nih.gov/42666167/
MED,41377864,2025,Construction and Validation of a Model for Predicting Cervical Intraepithelial Neoplasia Grade II+: A Cross-Sectional Population Study via Machine Learning.,10.2147/ijwh.s554552,eng,https://pubmed.ncbi.nlm.nih.gov/41377864/
MED,41072569,2026,Cervical cancer diagnostics: non-coding RNAs and biosensors to AI-derived methods.,10.1016/j.cca.2025.120641,eng,https://pubmed.ncbi.nlm.nih.gov/41072569/
MED,41006527,2025,Automated detection and classification of cervical and anal squamous cancer precursors using deep learning and multidevice colposcopy.,10.1038/s41598-025-14514-x,eng,https://pubmed.ncbi.nlm.nih.gov/41006527/
PPR,PPR1208952,2026,The predictive value of neural network models and random forest models for the classification of cervical intraepithelial lesions based on gene methylation and HPV infection genotype,10.21203/rs.3.rs-9365221/v1,,https://europepmc.org/article/PPR/PPR1208952
MED,41640440,2025,"Transforming cervical cancer pathological diagnosis through artificial intelligence: progress, performance, and barriers to clinical implementation.",10.3389/fonc.2025.1716018,eng,https://pubmed.ncbi.nlm.nih.gov/41640440/
MED,42046894,2026,Advances in Digital Cytopathology and Artificial Intelligence Applications.,10.1097/pap.0000000000000529,eng,https://pubmed.ncbi.nlm.nih.gov/42046894/
MED,42527782,2026,CMB-Net: A Clinically Modulated Boundary-Aware Network for Anatomical Segmentation of the Cervical Transformation Zone in Colposcopy.,10.1007/s10278-026-02155-z,eng,https://pubmed.ncbi.nlm.nih.gov/42527782/
MED,40439417,2025,CervicalMethDx: A Precision DNA Methylation Test to Identify Risk of High-Grade Intraepithelial Lesions in Cervical Cancer Screening Algorithms.,10.1158/1940-6207.capr-25-0029,eng,https://pubmed.ncbi.nlm.nih.gov/40439417/
MED,42687827,2026,Quantitative morphometry of the cervix using deep learning and geometric area estimation techniques.,10.1002/ijgo.71333,eng,https://pubmed.ncbi.nlm.nih.gov/42687827/
MED,41031150,2025,A Systematic Review of the Application of Artificial Intelligence in Colposcopy: Diagnostic Accuracy for Cervical Intraepithelial Neoplasia and Cervical Cancer.,10.1177/11795549251374908,eng,https://pubmed.ncbi.nlm.nih.gov/41031150/
MED,41719365,2026,AID-FGS: Artificial intelligence-enabled diagnosis of female genital schistosomiasis: Preliminary findings.,10.1371/journal.pdig.0001255,eng,https://pubmed.ncbi.nlm.nih.gov/41719365/
MED,42694624,2026,Research progress on HPV-related vaginal wall lesions after hysterectomy.,10.3389/fonc.2026.1897256,eng,https://pubmed.ncbi.nlm.nih.gov/42694624/
MED,41984178,2026,Development and validation of a deep learning radiomics model for predicting adjacent segment degeneration following anterior cervical discectomy and fusion.,10.1007/s00586-026-09939-5,eng,https://pubmed.ncbi.nlm.nih.gov/41984178/
MED,42199989,2026,"Recent advancements in the application of artificial intelligence-based approaches for screening, diagnosis, prognosis and treatment of cervical cancer.",10.3389/or.2026.1760156,eng,https://pubmed.ncbi.nlm.nih.gov/42199989/
PPR,PPR1116977,2025,"Artificial Intelligence in Cytological Diagnosis: A Narrative Review of Current Applications, Challenges, and Future Perspectives",10.1590/scielopreprints.13888,,https://europepmc.org/article/PPR/PPR1116977
PPR,PPR1241349,2026,"From Telehealth to Artificial Intelligence: Digital Health Technologies for Indigenous Communities—A Systematic Review of Diagnostic Access, Ethical Governance, and Sustainable Health Equity",10.20944/preprints202605.1978.v1,,https://europepmc.org/article/PPR/PPR1241349
MED,41966523,2026,Comprehensive Assessment of Artificial Intelligence as a Stand-Alone Tool for Cervical Cancer Screening Using a 50% Negative Cutoff Value.,10.1016/j.labinv.2026.106126,eng,https://pubmed.ncbi.nlm.nih.gov/41966523/
MED,42487758,2026,A novel interpretable machine learning framework for predicting postpartum depression: a SHAP-based analysis of maternal and infant health indicators.,10.3389/fpsyt.2026.1888858,eng,https://pubmed.ncbi.nlm.nih.gov/42487758/
MED,41799691,2026,High-Risk Clinical Characteristics and Risk Model for Unexpected Cervical Cancer Diagnosed After Surgery in Patients with LSIL/HSIL Biopsy.,10.2147/ijwh.s584455,eng,https://pubmed.ncbi.nlm.nih.gov/41799691/
MED,42140194,2026,Artificial intelligence-driven integration of multi-biofluid omics and clinical phenotype enables stratification of endometrial cancer.,10.1016/j.xcrm.2026.102805,eng,https://pubmed.ncbi.nlm.nih.gov/42140194/
MED,42124807,2026,A Prospective Study to Assess the Utility of Artificial Intelligence-driven Cervical Screening Using Smart Scope versus Conventional Method.,10.4103/jmh.jmh_170_25,eng,https://pubmed.ncbi.nlm.nih.gov/42124807/
PPR,PPR1198015,2026,Enhancing Colposcopic Diagnosis with Machine Learning: A Predictive Model for Five Cervical Lesions in China’s Largest Women’s Hospital,10.22541/au.177096612.23303246/v1,,https://europepmc.org/article/PPR/PPR1198015
MED,42741336,2026,Digital tools to enhance adherence to cervical cancer prevention practices: systematic review.,10.3389/fpubh.2026.1851751,eng,https://pubmed.ncbi.nlm.nih.gov/42741336/
MED,40627254,2025,Progress in the application research of cervical cancer screening developed by artificial intelligence in large populations.,10.1007/s12672-025-03102-0,eng,https://pubmed.ncbi.nlm.nih.gov/40627254/
MED,41827337,2026,Artificial Intelligence Methods in Cephalometric Image Analysis-A Systematic Narrative Review.,10.3390/jcm15051920,eng,https://pubmed.ncbi.nlm.nih.gov/41827337/
MED,42157736,2026,AI for cervical cancer screening on whole slide images: opportunities with open-source simple tools.,10.32074/1591-951x-1763,eng,https://pubmed.ncbi.nlm.nih.gov/42157736/
MED,42086920,2026,Deep learning-assisted versus manual reading in routine cervical cytopathology: a multicentre randomised crossover trial.,10.1038/s41746-026-02703-5,eng,https://pubmed.ncbi.nlm.nih.gov/42086920/
MED,41970442,2026,Revolutionizing Community-Based Cervical Cancer Screening: Evaluating an Indigenous Artificial Intelligence-Enabled Portable Colposcope.,10.1007/s13224-026-02347-1,eng,https://pubmed.ncbi.nlm.nih.gov/41970442/
MED,41867352,2026,Bringing Cervical Cancer Screening Closer to Women: Feasibility of Artificial Intelligence and Remote Assessment in Primary Health Care.,10.3389/ijph.2026.1609094,eng,https://pubmed.ncbi.nlm.nih.gov/41867352/
MED,41660918,2026,Evaluation of the Diagnostic Accuracy of Cervical Cell Morphologies from Android Device-Captured Cytopathological Microscopic Images through Artificial Intelligence in Mainly Rural or Resource-Constraint Areas of India.,10.31557/apjcp.2026.27.2.601,eng,https://pubmed.ncbi.nlm.nih.gov/41660918/
MED,41816190,2026,Prediction models for high-grade cervical lesions or worse using machine learning.,10.1016/j.eclinm.2026.103819,eng,https://pubmed.ncbi.nlm.nih.gov/41816190/
MED,40773936,2025,An explainable attention model for cervical precancer risk classification using colposcopic images.,10.1016/j.cmpb.2025.108976,eng,https://pubmed.ncbi.nlm.nih.gov/40773936/
MED,42614822,2026,"Agreement Between the CerviCARE AI Artificial-Intelligence Software and Visual Inspection with Acetic Acid (VIA) for Cervical Cancer Screening in Women Aged Over 18 Years in Vinh Long Province, Vietnam: A Community-Based Cross-Sectional Study.",10.2147/ijwh.s637592,eng,https://pubmed.ncbi.nlm.nih.gov/42614822/
MED,42649890,2026,"Clinical Impact of HPV Self-Sampling and Molecular Biomarkers on Cervical Cancer Screening and Triage: ""The Times They Are A-Changin'""-A Comprehensive Review and Future Perspectives.",10.3390/cancers18162576,eng,https://pubmed.ncbi.nlm.nih.gov/42649890/
PPR,PPR1248645,2026,Explainable Two-Phase Transfer Learning for Accurate Multi-Class Cervical Cell Classification from Optical Microscopy Images,10.21203/rs.3.rs-9256261/v1,,https://europepmc.org/article/PPR/PPR1248645
MED,41574558,2026,A novel cervical image recognition framework based on feature cognitive enhancement for improved performance.,10.1177/09544119251412982,eng,https://pubmed.ncbi.nlm.nih.gov/41574558/
MED,40441737,2025,Recent advances in applications of machine learning in cervical cancer research: a focus on prediction models.,10.5468/ogs.25041,eng,https://pubmed.ncbi.nlm.nih.gov/40441737/
MED,42047271,2026,A Triage Model for HR-HPV Positive Women Based on Methylation of Human and HPV Genes.,10.1002/jmv.70930,eng,https://pubmed.ncbi.nlm.nih.gov/42047271/
PPR,PPR1315080,2026,CERVEX: A Foundation-Model Framework With Built-In Explainable AI for Automated Cervical Cytology Classification From Pap Smear Images,10.64898/2026.09.03.26362210,,https://europepmc.org/article/PPR/PPR1315080
PPR,PPR1259906,2026,CerViX-Net: A Multi-Branch Fusion of Vision Transformer and Convolutional Neural Networks for Cervical Cancer Detection using Cytology Images,10.64898/2026.06.24.26356425,,https://europepmc.org/article/PPR/PPR1259906
MED,41413554,2025,Machine learning in early screening for high-grade cervical intraepithelial neoplasia using blood testing.,10.1186/s12911-025-03321-z,eng,https://pubmed.ncbi.nlm.nih.gov/41413554/
MED,42719178,2026,Integrating domain-specific convolutional features with Swin Transformers for transparent cervical cancer diagnostics.,10.3389/fonc.2026.1878677,eng,https://pubmed.ncbi.nlm.nih.gov/42719178/
MED,40050635,2025,Leveraging swin transformer with ensemble of deep learning model for cervical cancer screening using colposcopy images.,10.1038/s41598-025-90415-3,eng,https://pubmed.ncbi.nlm.nih.gov/40050635/
MED,41787421,2026,Machine-learning with multiomics for radiotherapy-induced acute rectal toxicities and survival outcome in patients with cervical cancer.,10.1186/s13014-026-02814-z,eng,https://pubmed.ncbi.nlm.nih.gov/41787421/
MED,42038991,2026,"Concordance of AI-Assisted and Hybrid AI-Assisted Cervical Imaging Systems with Visual Inspection with Acetic Acid for Cervical Precancer Screening in West Bandung, Indonesia.",10.2147/ijwh.s585614,eng,https://pubmed.ncbi.nlm.nih.gov/42038991/
MED,41830124,2026,Machine Vision Approaches for Cervical Cancer Screening Using Pap-Smear Images: A Systematic Review.,10.2174/0115680096398033251128082310,eng,https://pubmed.ncbi.nlm.nih.gov/41830124/
PPR,PPR1174647,2026,AI-Assisted Non-Invasive Biosensor Technologies for Privacy-Preserving Screening of Intimate Cancers: A Scoping Review,10.21203/rs.3.rs-9323918/v1,,https://europepmc.org/article/PPR/PPR1174647
MED,42254369,2026,DeepInsight-Net: a CBAM-enhanced ResNet50 framework with focal loss for robust cervical cancer classification on multi-center datasets.,10.3389/fmed.2026.1783634,eng,https://pubmed.ncbi.nlm.nih.gov/42254369/
MED,40691200,2025,"Accuracy and acceptability of self-sampling HPV testing in cervical cancer screening: a population-based study in rural Yunnan, China.",10.1038/s41598-025-09292-5,eng,https://pubmed.ncbi.nlm.nih.gov/40691200/
MED,40706032,2025,Effectiveness of Artificial Intelligence-Assisted Colposcopy in a Resource-Limited Population.,10.1097/aog.0000000000006014,eng,https://pubmed.ncbi.nlm.nih.gov/40706032/
MED,42327708,2026,Predictive modeling for cervical cancer: existing AI approaches and the emerging role of vaginal microbiome.,10.3389/fnetp.2026.1799486,eng,https://pubmed.ncbi.nlm.nih.gov/42327708/
MED,42494731,2026,Pre-analytical reporting in AI-assisted cervical cytology: a scoping review of data acquisition documentation.,10.3389/frai.2026.1884193,eng,https://pubmed.ncbi.nlm.nih.gov/42494731/
MED,42714941,2026,Development and evaluation of a deep learning framework for screening of cervical lymph node metastasis in microscopic images of oral squamous cell carcinoma: A proof of concept study.,10.1111/jmi.70170,eng,https://pubmed.ncbi.nlm.nih.gov/42714941/
MED,42168949,2026,Machine learning prediction of surgical approach and clinical heterogeneity in cervical spondylotic myelopathy.,10.1186/s12891-026-09931-6,eng,https://pubmed.ncbi.nlm.nih.gov/42168949/
MED,42547423,2026,[Diagnostic efficacy and teaching value of artificial intelligence-assisted diagnostic systems in cervical liquid-based cytology screening].,10.3760/cma.j.cn112151-20260119-00048,chi,https://pubmed.ncbi.nlm.nih.gov/42547423/
MED,42486820,2026,[Interpretable machine learning models for preoperative precision prediction of perineural invasion in cervical cancer to support treatment decision: a multicenter retrospective study].,10.12122/j.issn.1673-4254.2026.07.05,chi,https://pubmed.ncbi.nlm.nih.gov/42486820/
MED,41723567,2026,Identification of miRNA biomarkers and development of predictive signatures for early detection and prognosis in cervical precancer and cancer.,10.1186/s40246-026-00924-z,eng,https://pubmed.ncbi.nlm.nih.gov/41723567/
MED,42569197,2026,Predicting lifetime cervical cancer screening among sexually active women in low- and middle-income countries using machine learning models: evidence from Demographic and Health Surveys.,10.1016/j.xagr.2026.100669,eng,https://pubmed.ncbi.nlm.nih.gov/42569197/
MED,41613169,2026,Cervical cancer cell prediction and detection with high test accuracy based on a reliable automated system.,10.1007/s13205-026-04702-5,eng,https://pubmed.ncbi.nlm.nih.gov/41613169/
MED,42510103,2026,Accurate Segmentation of Overlapping Cervical Cells Using an Optimized Deep Learning Framework for Cytology Screening.,10.3390/diagnostics16142240,eng,https://pubmed.ncbi.nlm.nih.gov/42510103/
MED,41742101,2026,Development and interpretability of an XGBoost model to predict high grade cervical intraepithelial neoplasia.,10.1186/s12911-026-03413-4,eng,https://pubmed.ncbi.nlm.nih.gov/41742101/
MED,41241582,2025,Artificial intelligence in women's cancers: innovation and challenges in clinical translation.,10.1016/j.landig.2025.100940,eng,https://pubmed.ncbi.nlm.nih.gov/41241582/
MED,42622122,2026,Assessment of atypical glandular cell interpretation in Pap tests using the Hologic Genius Digital Diagnostics System.,10.1002/cncy.70148,eng,https://pubmed.ncbi.nlm.nih.gov/42622122/
MED,41564861,2026,UniCAS: A foundation model for cervical cytology screening.,10.1016/j.xcrm.2025.102570,eng,https://pubmed.ncbi.nlm.nih.gov/41564861/
PPR,PPR1300481,2026,Spatial and Machine Learning Analysis of Breast and Cervical Cancer Screening Uptake in Ghana: Evidence from the 2022 Ghana Demographic and Health Survey,10.64898/2026.08.15.26360510,,https://europepmc.org/article/PPR/PPR1300481
MED,41688098,2026,Early detection of female-specific cancers using longitudinal healthcare records with a multichannel convolutional neural network.,10.1136/bmjhci-2025-101874,eng,https://pubmed.ncbi.nlm.nih.gov/41688098/
MED,42717183,2026,Exploratory Non-invasive Estimation of Cervical Dilation from Electrohysterography and Maternal Data: A Machine-Learning Proof-of-Concept Study.,10.1007/s10439-026-04349-6,eng,https://pubmed.ncbi.nlm.nih.gov/42717183/
PPR,PPR1123872,2025,Machine-Learning Screening of Early Cervical Lesions Using HPV Genotyping and Exploratory Fusion-Gene Analysis,10.21203/rs.3.rs-7859112/v1,,https://europepmc.org/article/PPR/PPR1123872
MED,41623484,2026,Artificial intelligence for colposcopic and cytological image analysis in early cervical cancer detection.,10.1016/j.isci.2026.114627,eng,https://pubmed.ncbi.nlm.nih.gov/41623484/
PPR,PPR1314022,2026,Artificial Intelligence for Priority Cancer Control Interventions in Kenya: A Strategic Roadmap from Screening to Treatment,10.20944/preprints202609.0560.v1,,https://europepmc.org/article/PPR/PPR1314022
PPR,PPR1089181,2025,Machine Learning in Early Screening for High-Grade Cervical Intraepithelial Neoplasia Using Blood Testing,10.21203/rs.3.rs-7574572/v1,,https://europepmc.org/article/PPR/PPR1089181
MED,40628247,2026,Artificial Intelligence in Gynecologic Cytology.,10.1159/000546182,eng,https://pubmed.ncbi.nlm.nih.gov/40628247/
MED,42323398,2026,Development and multi-institutional validation of a deep learning algorithm for predicting cervical cord compression using dynamic cervical lateral radiographs.,10.1038/s41598-026-56657-5,eng,https://pubmed.ncbi.nlm.nih.gov/42323398/
MED,38263154,2024,Development and validation of artificial intelligence-based analysis software to support screening system of cervical intraepithelial neoplasia.,10.1038/s41598-024-51880-4,eng,https://pubmed.ncbi.nlm.nih.gov/38263154/
MED,42401177,2026,"Rethinking cancer screening in Italy: equity, performance and innovation.",10.1016/j.puhe.2026.106410,eng,https://pubmed.ncbi.nlm.nih.gov/42401177/
MED,40302490,2025,Deep learning-based decision support system for cervical cancer identification in liquid-based cytology pap smears.,10.1177/09287329251330081,eng,https://pubmed.ncbi.nlm.nih.gov/40302490/
MED,42756257,2026,Diagnostic accuracy of an artificial intelligence-driven cytopathological tool in detecting cervical pre-cancerous lesions from Pap smear images.,10.3389/fdgth.2026.1859980,eng,https://pubmed.ncbi.nlm.nih.gov/42756257/
MED,40596216,2025,A hybrid compound scaling hypergraph neural network for robust cervical cancer subtype classification using whole slide cytology images.,10.1038/s41598-025-05891-4,eng,https://pubmed.ncbi.nlm.nih.gov/40596216/
PPR,PPR1260052,2026,A Machine Learning Model Based on Routine Preoperative Laboratory Parameters for the Auxiliary Differentiation of HSIL and Cervical Cancer,10.20944/preprints202606.1874.v1,,https://europepmc.org/article/PPR/PPR1260052
MED,40865649,2025,Multidimensional technological advances in cervical cancer screening: From standardized processes to precision medicine.,10.1016/j.bbcan.2025.189432,eng,https://pubmed.ncbi.nlm.nih.gov/40865649/
PPR,PPR1173991,2026,Adaptive Heterogeneous Representation Learning for Reliable and Compact Pap Smear Screening,10.21203/rs.3.rs-9186105/v1,,https://europepmc.org/article/PPR/PPR1173991
MED,40940896,2025,"Machine Learning Models for Predicting Gynecological Cancers: Advances, Challenges, and Future Directions.",10.3390/cancers17172799,eng,https://pubmed.ncbi.nlm.nih.gov/40940896/
MED,41222472,2026,Automating the Detection of Acetowhite Lesions by Classifying the Temporal Behavior of Cervical Regions.,10.1097/lgt.0000000000000927,eng,https://pubmed.ncbi.nlm.nih.gov/41222472/
MED,40222978,2025,Deep learning enabled liquid-based cytology model for cervical precancer and cancer detection.,10.1038/s41467-025-58883-3,eng,https://pubmed.ncbi.nlm.nih.gov/40222978/
MED,40106366,2025,"Identifying Data-Driven Clinical Subgroups for Cervical Cancer Prevention With Machine Learning: Population-Based, External, and Diagnostic Validation Study.",10.2196/67840,eng,https://pubmed.ncbi.nlm.nih.gov/40106366/
MED,40957290,2025,Performance evaluation of machine learning models in cervical cancer diagnosis: Systematic review and meta-analysis.,10.1016/j.ejca.2025.115768,eng,https://pubmed.ncbi.nlm.nih.gov/40957290/
MED,41510574,2026,Artificial intelligence application in the prediction of spontaneous preterm birth by cervical length in the first trimester of pregnancy: Comparison of three measurement methods.,10.1002/ijgo.70744,eng,https://pubmed.ncbi.nlm.nih.gov/41510574/
MED,42192906,2026,Artificial Intelligence in Oncology: A Comprehensive Cross-Cancer Translational Readiness Analysis Across 18 Malignancies.,10.3390/cancers18101543,eng,https://pubmed.ncbi.nlm.nih.gov/42192906/
MED,39558397,2024,Artificial intelligence in cytopathological applications for cancer: a review of accuracy and analytic validity.,10.1186/s40001-024-02138-2,eng,https://pubmed.ncbi.nlm.nih.gov/39558397/
MED,41743951,2026,CINPred: a risk prediction tool for cervical intraepithelial neoplasia.,10.3389/fonc.2026.1702579,eng,https://pubmed.ncbi.nlm.nih.gov/41743951/
MED,42230744,2026,Predicting knowledge of cervical cancer screening among reproductive-age women in sub-saharan africa using machine learning algorithms.,10.1038/s41598-026-54976-1,eng,https://pubmed.ncbi.nlm.nih.gov/42230744/
MED,41066206,2025,Assessment of the efficiency and accuracy of an artificial intelligence assistive system in the diagnosis of Pap cervical atypical glandular cell cytology.,10.1002/cncy.70056,eng,https://pubmed.ncbi.nlm.nih.gov/41066206/
MED,42666399,2026,Cervical cancer patients' vaginal microbiome and metabolites: research progress and clinical applications.,10.3389/fmicb.2026.1891111,eng,https://pubmed.ncbi.nlm.nih.gov/42666399/
PPR,PPR989342,2025,Assessing the diagnostic accuracy of artificial intelligence in detecting cervical pre-cancer from pap smear images,10.1101/2025.03.09.25323636,,https://europepmc.org/article/PPR/PPR989342
MED,41088064,2025,Vaginal Microenvironment-Driven neural network model for predicting multiple HPV co-infections: a machine learning clinical decision framework.,10.1186/s12905-025-03957-z,eng,https://pubmed.ncbi.nlm.nih.gov/41088064/
MED,42475847,2026,A rapid detection of early-stage cervical cancer using nucleus and cytoplasm-based machine learning-driven refractive index surface plasmon resonance biosensor with ZnO-ag efficient materials.,10.1016/j.saa.2026.128429,eng,https://pubmed.ncbi.nlm.nih.gov/42475847/
MED,39052464,2025,Deep Learning-Based Automated Measurement of Cervical Length in Transvaginal Ultrasound Images of Pregnant Women.,10.1109/jbhi.2024.3433594,eng,https://pubmed.ncbi.nlm.nih.gov/39052464/
MED,41917479,2026,Radiographic choice for skeletal maturation assessment: a systematic review of Cervical Vertebrae Method and Middle Phalanx Method.,10.1007/s11282-026-00912-y,eng,https://pubmed.ncbi.nlm.nih.gov/41917479/
MED,42430284,2026,Artificial Intelligence for Cervical Human Papillomavirus Infection and Lesion Screening: A Cross-Sectional Analysis of Its Application Potential and Patient Satisfaction.,10.1159/000553436,eng,https://pubmed.ncbi.nlm.nih.gov/42430284/
MED,40437403,2025,Integrating SEResNet101 and SE-VGG19 for advanced cervical lesion detection: a step forward in precision oncology.,10.1186/s12885-025-14353-z,eng,https://pubmed.ncbi.nlm.nih.gov/40437403/
MED,42253708,2026,Ensemble Learning to Categorize the Bethesda System of Reporting of Cervical Cytology.,10.4103/joc.joc_130_25,eng,https://pubmed.ncbi.nlm.nih.gov/42253708/
MED,42630437,2026,AI-enhanced virtual screening identifies a potent small-molecule modulator of ClC-3 for cervical cancer drug discovery.,10.3389/fbinf.2026.1887419,eng,https://pubmed.ncbi.nlm.nih.gov/42630437/
MED,39415343,2024,Risk-stratified management of cervical high-grade squamous intraepithelial lesion based on machine learning.,10.1002/jmv.70016,eng,https://pubmed.ncbi.nlm.nih.gov/39415343/
MED,42635729,2026,Preventing fragility fractures: AI-based opportunistic osteoporosis detection in routine CT ​.,10.1007/s00198-026-08186-0,eng,https://pubmed.ncbi.nlm.nih.gov/42635729/
MED,42032352,2026,Predicting cervical cancer among women living with HIV/AIDS at public health facilities in a resource-limited setting in Ethiopia using machine learning analysis.,10.1007/s12672-026-05043-8,eng,https://pubmed.ncbi.nlm.nih.gov/42032352/
PPR,PPR730681,2023,Development and validation of artificial intelligence-based analysis software to support screening system of cervical intraepithelial neoplasia,10.21203/rs.3.rs-3351891/v1,,https://europepmc.org/article/PPR/PPR730681
PPR,PPR1068642,2025,A Case Study on Colposcopy-Based Cervical Cancer Staging Reveals an Alarming Lack of Data Sharing Hindering the Adoption of Machine Learning in Clinical Practice,10.1101/2025.08.14.25333566,,https://europepmc.org/article/PPR/PPR1068642
MED,42728937,2026,Dataset of multi-focus (Z-stack) images derived from liquid-based cervical cancer cytology specimens.,10.12688/f1000research.179164.1,eng,https://pubmed.ncbi.nlm.nih.gov/42728937/
MED,42098495,2026,Machine learning and neural network algorithms for prediction of C5 palsy after posterior surgery for ossification of posterior longitudinal ligament.,10.1007/s00586-026-09988-w,eng,https://pubmed.ncbi.nlm.nih.gov/42098495/
MED,38778014,2024,Artificial intelligence enables precision diagnosis of cervical cytology grades and cervical cancer.,10.1038/s41467-024-48705-3,eng,https://pubmed.ncbi.nlm.nih.gov/38778014/
MED,42234064,2026,Deep learning for early detection of Zenker's diverticulum based on swallowing sound analysis.,10.1007/s11548-026-03727-8,eng,https://pubmed.ncbi.nlm.nih.gov/42234064/
MED,42690850,2026,Stage-specific lipidomic signatures as biomarkers in progression of cervical cancer.,10.25259/ijmr_3238_2025,eng,https://pubmed.ncbi.nlm.nih.gov/42690850/
MED,39926367,2025,"Development, validation, and clinical application of a machine learning model for risk stratification and management of cervical cancer screening based on full-genotyping hrHPV test (SMART-HPV): a modelling study.",10.1016/j.lanwpc.2025.101480,eng,https://pubmed.ncbi.nlm.nih.gov/39926367/
MED,39666915,2024,Development and Clinical Validation of Visual Inspection With Acetic Acid Application-Artificial Intelligence Tool Using Cervical Images in Screen-and-Treat Visual Screening for Cervical Cancer in South India: A Pilot Study.,10.1200/go.24.00146,eng,https://pubmed.ncbi.nlm.nih.gov/39666915/
MED,41708854,2026,Clinical-grade autonomous cytopathology through whole-slide edge tomography.,10.1038/s41586-025-10094-y,eng,https://pubmed.ncbi.nlm.nih.gov/41708854/
MED,42724991,2026,Development and internal validation of a multimodal MRI-FNAC radiomics-pathomics model for predicting cervical lymph node metastasis in papillary thyroid carcinoma.,10.21037/gs-2026-0241,eng,https://pubmed.ncbi.nlm.nih.gov/42724991/
MED,40448246,2025,Molecular detection of hrHPV-induced high-grade squamous intraepithelial lesions of the cervix through a targeted RNA next generation sequencing assay.,10.1186/s10020-025-01238-x,eng,https://pubmed.ncbi.nlm.nih.gov/40448246/
MED,40994951,2025,"Research progress of artificial intelligence in the early screening, diagnosis, precise treatment and prognosis prediction of three central gynecological malignancies.",10.3389/fonc.2025.1648407,eng,https://pubmed.ncbi.nlm.nih.gov/40994951/
MED,42021319,2026,Modelling the epidemic dynamics of HPV among women in China and optimization of ongoing cervical cancer elimination strategies.,10.1186/s12916-026-04881-1,eng,https://pubmed.ncbi.nlm.nih.gov/42021319/
MED,40964107,2025,[TruScreen Combined With High-Risk Human Papillomavirus Testing vs Thinprep Cytology Test Combined With High-Risk Human Papillomavirus Testing for Cervical Cancer Screening: A Comparative Clinical Study].,10.12182/20250560609,chi,https://pubmed.ncbi.nlm.nih.gov/40964107/
PPR,PPR1176012,2026,Dataset of multi-focus (Z-stack) images derived from liquid-based cervical cancer cytology specimens,10.12688/f1000research.179164.1,,https://europepmc.org/article/PPR/PPR1176012
MED,40361447,2025,Multi-Modal Graph Neural Networks for Colposcopy Data Classification and Visualization.,10.3390/cancers17091521,eng,https://pubmed.ncbi.nlm.nih.gov/40361447/
MED,40150733,2025,Integrated Machine Learning Algorithms-Enhanced Predication for Cervical Cancer from Mass Spectrometry-Based Proteomics Data.,10.3390/bioengineering12030269,eng,https://pubmed.ncbi.nlm.nih.gov/40150733/
MED,40900798,2025,"Hybrid feature fusion in cervical cancer cytology: a novel dual-module approach framework for lesion detection and classification using radiomics, deep learning, and reproducibility.",10.3389/fonc.2025.1595980,eng,https://pubmed.ncbi.nlm.nih.gov/40900798/
MED,41018091,2025,Leveraging deep learning for early detection of cervical cancer and dysplasia in China using U-NET++ and RepVGG networks.,10.3389/fonc.2025.1624111,eng,https://pubmed.ncbi.nlm.nih.gov/41018091/
MED,38937664,2024,Clinical evaluation of an artificial intelligence-assisted cytological system among screening strategies for a cervical cancer high-risk population.,10.1186/s12885-024-12532-y,eng,https://pubmed.ncbi.nlm.nih.gov/38937664/
MED,39847948,2025,A multimodal deep learning model for cervical pre-cancers and cancers prediction: Development and internal validation study.,10.1016/j.compbiomed.2025.109710,eng,https://pubmed.ncbi.nlm.nih.gov/39847948/
MED,41374457,2025,AI-Driven Advances in Women's Health Diagnostics: Current Applications and Future Directions.,10.3390/diagnostics15233076,eng,https://pubmed.ncbi.nlm.nih.gov/41374457/
MED,42067706,2026,Diagnostic performance of artificial intelligence for identification of cervical spine fractures: a systematic review and meta-analysis.,10.1007/s10140-026-02477-z,eng,https://pubmed.ncbi.nlm.nih.gov/42067706/
MED,40163848,2025,AI-Based Identification Method for Cervical Transformation Zone Within Digital Colposcopy: Development and Multicenter Validation Study.,10.2196/69672,eng,https://pubmed.ncbi.nlm.nih.gov/40163848/
MED,42377457,2026,Machine learning-assisted SERS for rapid and accurate early screening of cervical cancer.,10.1007/s00216-026-06619-7,eng,https://pubmed.ncbi.nlm.nih.gov/42377457/
MED,41884887,2026,Automated acquisition of explainable knowledge from unannotated colposcopic images for predicting the natural course of CIN2.,10.1002/ijgo.70976,eng,https://pubmed.ncbi.nlm.nih.gov/41884887/
MED,40387263,2025,Implementing 100% quality control in a cervical cytology workflow using whole slide images and artificial intelligence provided by the Techcyte SureView™ System.,10.1002/cncy.70019,eng,https://pubmed.ncbi.nlm.nih.gov/40387263/
MED,39297572,2024,Artificial intelligence strengthens cervical cancer screening - present and future.,10.20892/j.issn.2095-3941.2024.0198,eng,https://pubmed.ncbi.nlm.nih.gov/39297572/
MED,41750679,2026,Quantitative Texture Analysis of Cervical Cytology Identifies Endometrial Lesions in Atypical Glandular Cells on Liquid-Based Cytology: A Pilot Study.,10.3390/diagnostics16040531,eng,https://pubmed.ncbi.nlm.nih.gov/41750679/
MED,39464249,2024,The Future of Cervical Cancer Screening.,10.2147/ijwh.s474571,eng,https://pubmed.ncbi.nlm.nih.gov/39464249/
MED,41786801,2026,Enhanced cervical cancer diagnosis using a novel Bayesian fusion ensemble method with explainable AI.,10.1038/s41598-026-35334-7,eng,https://pubmed.ncbi.nlm.nih.gov/41786801/
MED,39732723,2024,BMT: A Cross-Validated ThinPrep Pap Cervical Cytology Dataset for Machine Learning Model Training and Validation.,10.1038/s41597-024-04328-3,eng,https://pubmed.ncbi.nlm.nih.gov/39732723/
MED,41185866,2025,A Review on the Applications of Artificial Intelligence for Diagnosing and Treating Cervical Cancer.,10.2147/ijwh.s551976,eng,https://pubmed.ncbi.nlm.nih.gov/41185866/
MED,39456634,2024,Artificial Intelligence and Colposcopy: Automatic Identification of Vaginal Squamous Cell Carcinoma Precursors.,10.3390/cancers16203540,eng,https://pubmed.ncbi.nlm.nih.gov/39456634/
MED,42318942,2026,Blood-based Biomarkers in Cervical Cancer: The Emerging Role of Circulating Human Papillomavirus and Tumor Deoxyribonucleic Acid.,10.4103/aam.aam_138_26,fre,https://pubmed.ncbi.nlm.nih.gov/42318942/
MED,40554577,2025,Patient acceptability of CITOBOT for cervical cancer screening: A mixed-method study.,10.1371/journal.pone.0325805,eng,https://pubmed.ncbi.nlm.nih.gov/40554577/
MED,41762091,2026,Prevention and Diagnosis of Cervical Cancers in the UK and Europe: What Have We Learned in the Last 10 Years and What Is Next?,10.31083/bjhm50727,eng,https://pubmed.ncbi.nlm.nih.gov/41762091/
MED,42283742,2026,Cell-specific multi-target mechanisms of cotinine in cervical cancer oncogenesis and progression.,10.1007/s12672-026-05375-5,eng,https://pubmed.ncbi.nlm.nih.gov/42283742/
MED,41866425,2026,Validation of conformal prediction in cervical atypia classification.,10.1038/s41598-026-44850-5,eng,https://pubmed.ncbi.nlm.nih.gov/41866425/
MED,40949597,2025,Prediction Models of Microinvasive Cervical Cancer in High-Grade Squamous Intraepithelial Lesion Treatment by Loop Electrosurgical Excision Procedure.,10.2147/rmhp.s536347,eng,https://pubmed.ncbi.nlm.nih.gov/40949597/
MED,36629131,2023,Application of EfficientNet-B0 and GRU-based deep learning on classifying the colposcopy diagnosis of precancerous cervical lesions.,10.1002/cam4.5581,eng,https://pubmed.ncbi.nlm.nih.gov/36629131/
MED,40113403,2025,[Diagnostic performance evaluation of artificial intelligence-assisted diagnostic systems in cervical cytopathological examination].,10.3760/cma.j.cn112338-20240711-00412,chi,https://pubmed.ncbi.nlm.nih.gov/40113403/
MED,42446903,2026,Global trends and insights in cervical cancer research: a bibliometric analysis from 2000 to 2024.,10.1530/raf-25-0174,eng,https://pubmed.ncbi.nlm.nih.gov/42446903/
PPR,PPR1279996,2026,"A Novel AJAD-BoostNet Framework for Histopathological Lung and Cervical Cancer Classification Using Deep Feature Learning, K-Means Clustering, and XGBoost",10.21203/rs.3.rs-10368856/v1,,https://europepmc.org/article/PPR/PPR1279996
PPR,PPR844759,2024,RISK STRATIFIED MANAGEMENT OF CERVICAL HIGH-GRADE SQUAMOUS INTRAEPITHELIAL LESION BASED ON MACHINE LEARNING,10.22541/au.171427949.90007751/v1,,https://europepmc.org/article/PPR/PPR844759
PPR,PPR671176,2023,EARLY DETECTION OF CERVICAL CANCER WITH THE USE OF COLPOSCOPIC IMAGES BASED ON CONVOLUTIONAL NEURAL NETWORK,10.22541/au.168598999.97896734/v1,,https://europepmc.org/article/PPR/PPR671176
MED,41931971,2026,Emerging frontiers in cervical cancer diagnostics: Recent innovations in biosensors for HPV detection.,10.1016/j.talanta.2026.129750,eng,https://pubmed.ncbi.nlm.nih.gov/41931971/
MED,40943384,2025,Cervical Cancer in the Era of HPV: Translating Molecular Mechanisms into Preventive Public Health Action.,10.3390/ijms26178463,eng,https://pubmed.ncbi.nlm.nih.gov/40943384/
MED,42277262,2026,Deep neural architecture empowered by explainable artificial intelligence for accurate and early diagnosis of gynaecological cancer using medical images.,10.1038/s41598-026-57070-8,eng,https://pubmed.ncbi.nlm.nih.gov/42277262/
MED,41981007,2026,Integrated computational screening of FDA-approved anticancer drugs as novel HPV-16 E6 inhibitors in cervical cancer.,10.1038/s41598-026-42656-z,eng,https://pubmed.ncbi.nlm.nih.gov/41981007/
MED,40749409,2025,Real-time detection of premalignant cervical lesion using Artificial Intelligence (AI) model in multispectral imaging system.,10.1016/j.ejogrb.2025.114579,eng,https://pubmed.ncbi.nlm.nih.gov/40749409/
PPR,PPR957009,2024,Deep Residual Squeeze-and-Excitation Network for Colposcopy Image Classification,10.20944/preprints202412.1621.v1,,https://europepmc.org/article/PPR/PPR957009
MED,38734714,2024,Enhancing cervical cancer detection and robust classification through a fusion of deep learning models.,10.1038/s41598-024-61063-w,eng,https://pubmed.ncbi.nlm.nih.gov/38734714/
PPR,PPR1269606,2026,Integrating Quantitative Histology with Clinical Data Improves Prediction of Cervical Intraepithelial Neoplasia Regression,10.64898/2026.01.21.26344510,,https://europepmc.org/article/PPR/PPR1269606
MED,39145263,2024,Diagnostic Efficacy of Enhanced Visual Assessment [Visual Check] for Triaging Cervical Cancer Screen Positive Women.,10.4103/jmh.jmh_204_23,eng,https://pubmed.ncbi.nlm.nih.gov/39145263/
MED,41220231,2026,"Cytopathology in Taiwan: Historical Perspectives, Current Practices, and Future Directions.",10.1002/dc.70048,eng,https://pubmed.ncbi.nlm.nih.gov/41220231/
MED,40181353,2025,CausalCervixNet: convolutional neural networks with causal insight (CICNN) in cervical cancer cell classification-leveraging deep learning models for enhanced diagnostic accuracy.,10.1186/s12885-025-13926-2,eng,https://pubmed.ncbi.nlm.nih.gov/40181353/
MED,40941687,2025,Clinical and Virological Profiles Associated with CINTEC&lt;sup&gt;®&lt;/sup&gt; PLUS Positivity: A Data-Driven Clustering and Modeling Study.,10.3390/diagnostics15172200,eng,https://pubmed.ncbi.nlm.nih.gov/40941687/
MED,41921107,2026,Factors Influencing Universal Coverage of AI-Assisted Cervical Cancer Screening: Qualitative Study Based on the Macro Model of Health System.,10.2196/75372,eng,https://pubmed.ncbi.nlm.nih.gov/41921107/
MED,40252816,2025,Surface-Enhanced Raman Scattering (SERS) combined with machine learning enables accurate diagnosis of cervical cancer: From molecule to cell to tissue level.,10.1016/j.critrevonc.2025.104736,eng,https://pubmed.ncbi.nlm.nih.gov/40252816/
MED,41838284,2026,An integrated microfluidic system for automatic and self-validated analysis of cervical extracellular vesicle markers PD-L1 and ERBB3.,10.1007/s44211-026-00871-8,eng,https://pubmed.ncbi.nlm.nih.gov/41838284/
MED,40277295,2025,Artificial intelligence in the diagnosis and management of gynecologic cancer.,10.1002/ijgo.70094,eng,https://pubmed.ncbi.nlm.nih.gov/40277295/
MED,39939021,2025,[Construction and preliminary validation of machine learning predictive models for cervical cancer screening based on human DNA methylation].,10.3760/cma.j.cn112152-20230925-00156,chi,https://pubmed.ncbi.nlm.nih.gov/39939021/
MED,40543043,2025,Assessment of the efficacy and accuracy of cervical cytology screening with the Hologic Genius Digital Diagnostics System.,10.1002/cncy.70022,eng,https://pubmed.ncbi.nlm.nih.gov/40543043/
MED,34979436,2022,"Deep learning based cervical screening by the cross-modal integration of colposcopy, cytology, and HPV test.",10.1016/j.ijmedinf.2021.104675,eng,https://pubmed.ncbi.nlm.nih.gov/34979436/
PPR,PPR947430,2024,Multi-Modal Deep Learning Architecture for Improved Colposcopy Image Classification,10.21203/rs.3.rs-5372093/v1,,https://europepmc.org/article/PPR/PPR947430
MED,39356713,2024,Assessing generalizability of an AI-based visual test for cervical cancer screening.,10.1371/journal.pdig.0000364,eng,https://pubmed.ncbi.nlm.nih.gov/39356713/
MED,40490892,2025,DNA methylation biomarkers for cervical cancer risk prediction in HIV-positive Nigerian women.,10.1002/ijc.35502,eng,https://pubmed.ncbi.nlm.nih.gov/40490892/
MED,41007621,2025,Machine Learning Prediction of Short Cervix in Mid-Pregnancy Based on Multimodal Data from the First-Trimester Screening Period: An Observational Study in a High-Risk Population.,10.3390/biomedicines13092057,eng,https://pubmed.ncbi.nlm.nih.gov/41007621/
MED,37845724,2023,Validation in Zambia of a cervical screening strategy including HPV genotyping and artificial intelligence (AI)-based automated visual evaluation.,10.1186/s13027-023-00536-5,eng,https://pubmed.ncbi.nlm.nih.gov/37845724/
MED,40095808,2025,Diagnostic Accuracy of Artificial Intelligence vs. Oncologist Interpretation in Digital Cervicography for Abnormal Cervical Cytology.,10.3390/jcm14051763,eng,https://pubmed.ncbi.nlm.nih.gov/40095808/
MED,41890225,2026,An auxiliary diagnosis model for the pathological classification of cervical cancer based on radiomics biomarkers.,10.3389/fgene.2026.1685927,eng,https://pubmed.ncbi.nlm.nih.gov/41890225/
MED,41596025,2026,Deep Learning-Based Detection of Carotid Artery Atheromas in Panoramic Radiographs.,10.3390/bioengineering13010095,eng,https://pubmed.ncbi.nlm.nih.gov/41596025/
PPR,PPR935431,2024,Multi-Modal Deep Learning Architecture for Improved Colposcopy Image Classification,10.20944/preprints202411.0150.v1,,https://europepmc.org/article/PPR/PPR935431
MED,41066921,2026,Artificial intelligence generated visual communication improves comprehension and adherence in cervical cancer screening: a randomized controlled study.,10.1016/j.ijmedinf.2025.106134,eng,https://pubmed.ncbi.nlm.nih.gov/41066921/
PPR,PPR1277763,2026,First-Trimester Non-Invasive Prediction of Preterm Birth Using Cell-Free DNA Fragmentomics,10.64898/2026.07.07.736241,,https://europepmc.org/article/PPR/PPR1277763
MED,39669100,2025,Automated Image Clarity Detection for the Improvement of Colposcopy Imaging with Multiple Devices.,10.1016/j.bspc.2024.106948,eng,https://pubmed.ncbi.nlm.nih.gov/39669100/
MED,41019376,2025,"&lt;i&gt;Lactobacillus&lt;/i&gt;-rich cervicovaginal microbiome associated with lower BV, HPV, and cytology outcomes in women.",10.1016/j.isci.2025.113473,eng,https://pubmed.ncbi.nlm.nih.gov/41019376/
MED,41249960,2025,SegResDeiT: a hybrid SegNet-ResNet-50-DeiT framework for automated cervical cancer segmentation and classification.,10.1186/s12880-025-02001-8,eng,https://pubmed.ncbi.nlm.nih.gov/41249960/
MED,37040222,2023,Extent of use of artificial intelligence & machine learning protocols in cancer diagnosis: A scoping review.,10.4103/ijmr.ijmr_555_20,eng,https://pubmed.ncbi.nlm.nih.gov/37040222/
MED,40736284,2025,Artificial intelligence and machine learning in the management of patients with degenerative cervical myelopathy: a systematic review.,10.23736/s0390-5616.25.06504-x,eng,https://pubmed.ncbi.nlm.nih.gov/40736284/
MED,40159023,2025,[Advances in cytopathology in China over the past ten years: retrospect and prospect].,10.3760/cma.j.cn112151-20241126-00786,chi,https://pubmed.ncbi.nlm.nih.gov/40159023/
MED,41120567,2025,Advancements in fusion-based deep representation learning for enhanced cervical precancerous lesion classification using biomedical image analysis.,10.1038/s41598-025-20693-4,eng,https://pubmed.ncbi.nlm.nih.gov/41120567/
MED,40919255,2025,Deep dive into deep learning methods for cervical cancer detection and classification.,10.5603/rpor.106148,eng,https://pubmed.ncbi.nlm.nih.gov/40919255/
MED,42131411,2026,Blood-based predictive biomarkers for preterm birth: Redefining risk stratification in modern perinatal care.,10.4103/tcmj.tcmj-d-25-00042,eng,https://pubmed.ncbi.nlm.nih.gov/42131411/
MED,35712722,2022,Chronic Cervicitis and Cervical Cancer Detection Based on Deep Learning of Colposcopy Images Toward Translational Pharmacology.,10.3389/fphar.2022.911962,eng,https://pubmed.ncbi.nlm.nih.gov/35712722/
PPR,PPR1077752,2025,Systematic Literature Review: Machine Learning Approaches in Cervical Cancer Prediction,10.20944/preprints202509.0205.v1,,https://europepmc.org/article/PPR/PPR1077752
MED,40420148,2025,Cervical cancer screening uptake and its associated factor in Sub-Sharan Africa: a machine learning approach.,10.1186/s12911-025-03039-y,eng,https://pubmed.ncbi.nlm.nih.gov/40420148/
MED,41417998,2025,Cell-Level Free Cervical Lesion Detection in Cytology Images Via Weakly Supervised Self-Correction.,10.1109/jbhi.2025.3646371,eng,https://pubmed.ncbi.nlm.nih.gov/41417998/
MED,38713522,2024,Deep Learning Diagnostic Classification of Cervical Images to Augment Colposcopic Impression.,10.1097/lgt.0000000000000815,eng,https://pubmed.ncbi.nlm.nih.gov/38713522/
PPR,PPR1208851,2026,A DNA Methylation–based Computational Framework for Tumour–microenvironment State Inference and Molecular Stratification,10.21203/rs.3.rs-8708919/v1,,https://europepmc.org/article/PPR/PPR1208851
MED,36552907,2022,Pap Smear Images Classification Using Machine Learning: A Literature Matrix.,10.3390/diagnostics12122900,eng,https://pubmed.ncbi.nlm.nih.gov/36552907/
MED,38792544,2024,Artificial Intelligence and Colposcopy: Automatic Identification of Cervical Squamous Cell Carcinoma Precursors.,10.3390/jcm13103003,eng,https://pubmed.ncbi.nlm.nih.gov/38792544/
MED,42080131,2026,A cell comparative multiple instance learning network guided by image quality assessment for cervical whole slide image classification.,10.1016/j.isci.2026.115561,eng,https://pubmed.ncbi.nlm.nih.gov/42080131/
MED,38975502,2024,A Narrative Review on the Clinical Utility of Electrical Impedance Spectroscopy for Diagnosing High-Grade Cervical Intraepithelial Neoplasia.,10.7759/cureus.61784,eng,https://pubmed.ncbi.nlm.nih.gov/38975502/
MED,40989430,2025,HMCFormer (hierarchical multi-scale convolutional transformer): a hybrid CNN+Transformer network for intelligent VIA screening.,10.7717/peerj-cs.3088,eng,https://pubmed.ncbi.nlm.nih.gov/40989430/
MED,41514380,2026,Machine learning-driven proteomics classifier deciphers tumor origins of primary and metastatic squamous cell carcinomas.,10.1186/s40364-025-00885-w,eng,https://pubmed.ncbi.nlm.nih.gov/41514380/
MED,41530249,2026,Deep learning-based automatic segmentation and classification for cervical cancer detection using an improved U-Net and ensemble methods.,10.1038/s41598-026-35299-7,eng,https://pubmed.ncbi.nlm.nih.gov/41530249/
MED,42396591,2026,Identification of genes associated with cervical intervertebral disc degeneration and immune cell infiltration.,10.3389/fsurg.2026.1798328,eng,https://pubmed.ncbi.nlm.nih.gov/42396591/
MED,42404488,2026,Risk stratification for postoperative hematoma following anterior cervical spine surgery: a machine learning approach.,10.1016/j.xnsj.2026.100909,eng,https://pubmed.ncbi.nlm.nih.gov/42404488/
MED,42477639,2026,Screening of shared molecular markers between cervical cancer and major depressive disorder and the mechanism of CRAT/CLIC4 regulating EMT in cervical cancer cells.,10.1186/s12885-026-16571-5,eng,https://pubmed.ncbi.nlm.nih.gov/42477639/
PPR,PPR780629,2023,Cervical precancerous lesion and cancer detection on Pap smear image using machine learning algorithm,10.21203/rs.3.rs-3770575/v1,,https://europepmc.org/article/PPR/PPR780629
PPR,PPR1177792,2026,Enhanced Cellular Detection in Cervical Cytopathology: A Systematic Study of YOLOv11 Training Paradigms,10.20944/preprints202604.0827.v1,,https://europepmc.org/article/PPR/PPR1177792
MED,39947984,2025,Diagnostic performance of the hologic genius digital diagnostics system for low-grade squamous intraepithelial lesion (LSIL) ThinPrep papanicolaou tests.,10.1016/j.jasc.2025.01.003,eng,https://pubmed.ncbi.nlm.nih.gov/39947984/
MED,42217237,2026,Optimizing cervical breath sound acquisition protocol in dysphagia patients: an orthogonal experimental study.,10.1080/10749357.2026.2675410,eng,https://pubmed.ncbi.nlm.nih.gov/42217237/
MED,37811597,2024,"Artificial intelligence for cervical cancer screening: Scoping review, 2009-2022.",10.1002/ijgo.15179,eng,https://pubmed.ncbi.nlm.nih.gov/37811597/
PPR,PPR1267312,2026,Machine Learning–Enabled Smartphone CRISPR-Cas12a Lateral Flow Platform for Sensitive Detection of Circulating HPV DNA,10.64898/2026.03.17.26348658,,https://europepmc.org/article/PPR/PPR1267312
MED,40231005,2025,A low-cost platform for automated cervical cytology: addressing health and socioeconomic challenges in low-resource settings.,10.3389/fmedt.2025.1531817,eng,https://pubmed.ncbi.nlm.nih.gov/40231005/
MED,41353855,2025,Drug repurposing in gynaecological cancers: Proven drugs for new challenges.,10.1016/j.biopha.2025.118885,eng,https://pubmed.ncbi.nlm.nih.gov/41353855/
MED,38516853,2024,Improving cervical cancer classification in PAP smear images with enhanced segmentation and deep progressive learning-based techniques.,10.1002/dc.25295,eng,https://pubmed.ncbi.nlm.nih.gov/38516853/
PPR,PPR731731,2023,Assessing generalizability of an AI-based visual test for cervical cancer screening,10.1101/2023.09.26.23295263,,https://europepmc.org/article/PPR/PPR731731
MED,42651968,2026,Predicting Pregnancy After Fixed-Time Artificial Insemination in Goats: Comparative Performance of Multivariable Logistic Regression and Random Forest Models.,10.3390/ani16162563,eng,https://pubmed.ncbi.nlm.nih.gov/42651968/
MED,37318036,2023,Assessing artificial intelligence enabled liquid-based cytology for triaging HPV-positive women: a population-based cross-sectional study.,10.1111/aogs.14611,eng,https://pubmed.ncbi.nlm.nih.gov/37318036/
MED,40722461,2025,AI in Cervical Cancer Cytology Diagnostics: A Narrative Review of Cutting-Edge Studies.,10.3390/bioengineering12070769,eng,https://pubmed.ncbi.nlm.nih.gov/40722461/
MED,39363462,2024,Artificial Intelligence Detection of Cervical Spine Fractures Using Convolutional Neural Network Models.,10.14245/ns.2448580.290,eng,https://pubmed.ncbi.nlm.nih.gov/39363462/
MED,40163382,2025,Deep Learning-Enhanced Hand-Driven Microfluidic Chip for Multiplexed Nucleic Acid Detection Based on RPA/CRISPR.,10.1002/advs.202414918,eng,https://pubmed.ncbi.nlm.nih.gov/40163382/
MED,39335688,2024,A Deep Learning Model for Cervical Optical Coherence Tomography Image Classification.,10.3390/diagnostics14182009,eng,https://pubmed.ncbi.nlm.nih.gov/39335688/
MED,38907959,2024,[Artificial Intelligence: accuracy for the diagnosis of precancerous lesions of the cervix].,,spa,https://pubmed.ncbi.nlm.nih.gov/38907959/
MED,42358990,2026,Global research trends and hotspots in human immunodeficiency virus-associated cervical cancer (1990-2025): a multi-database bibliometric analysis.,10.3389/fimmu.2026.1835957,eng,https://pubmed.ncbi.nlm.nih.gov/42358990/
MED,37518185,2023,A new model based on artificial intelligence to screening preterm birth.,10.1080/14767058.2023.2241100,eng,https://pubmed.ncbi.nlm.nih.gov/37518185/
MED,38923481,2024,HiCervix: An Extensive Hierarchical Dataset and Benchmark for Cervical Cytology Classification.,10.1109/tmi.2024.3419697,eng,https://pubmed.ncbi.nlm.nih.gov/38923481/
PPR,PPR835896,2024,A Cervical Cancer Detection System Using Genetic Algorithm Enhanced Context-Aware Feature Selection,10.21203/rs.3.rs-4184652/v1,,https://europepmc.org/article/PPR/PPR835896
MED,38894217,2024,Cervical Spondylosis Diagnosis Based on Convolutional Neural Network with X-ray Images.,10.3390/s24113428,eng,https://pubmed.ncbi.nlm.nih.gov/38894217/
MED,36973942,2023,Calibration of the Becton Dickinson FocalPoint GS slide profiler is essential for optimal performance: Avoiding the algorithm supersaturation cascade effect pitfall.,10.1002/cncy.22693,eng,https://pubmed.ncbi.nlm.nih.gov/36973942/
PPR,PPR1143322,2026,Machine Learning Models for Preterm Birth Prediction Using Vaginal Microbiome Profiles in a Mexican Cohort,10.20944/preprints202601.0962.v1,,https://europepmc.org/article/PPR/PPR1143322
MED,38800533,2024,Deep feature extraction and fine κ-nearest neighbour for enhanced human papillomavirus detection in cervical cancer - a comprehensive analysis of colposcopy images.,10.5114/wo.2024.139091,eng,https://pubmed.ncbi.nlm.nih.gov/38800533/
PPR,PPR1178703,2026,Screening Performance and Implementation Determinants of an AI-Assisted Visual Inspection application for Cervical Cancer Screening in Rwanda,10.21203/rs.3.rs-9418957/v1,,https://europepmc.org/article/PPR/PPR1178703
MED,38937771,2024,"Acceptability of artificial intelligence for cervical cancer screening in Dschang, Cameroon: a qualitative study on patient perspectives.",10.1186/s12978-024-01828-8,eng,https://pubmed.ncbi.nlm.nih.gov/38937771/
MED,41548887,2026,Multi-Parameter Deep Learning Combined With Fluorescence Lifetime Imaging Microscopy for Non-Invasive and Label-Free Endometrial Cancer Screening.,10.1002/jbio.70228,eng,https://pubmed.ncbi.nlm.nih.gov/41548887/
MED,40961361,2025,Identifying Predictors of Cervical Cancer Screening Uptake in Sub-Saharan Africa Using Machine Learning: Cross-Sectional Study.,10.2196/71677,eng,https://pubmed.ncbi.nlm.nih.gov/40961361/
MED,39078889,2024,Utilising deep learning networks to classify ZEB2 expression images in cervical cancer.,10.12968/hmed.2024.0156,eng,https://pubmed.ncbi.nlm.nih.gov/39078889/
PPR,PPR631182,2023,A Survey on Deep Learning-based Cervical Cytology Screening: from Cell Identification to Whole Slide Image Analysis,10.21203/rs.3.rs-2680912/v1,,https://europepmc.org/article/PPR/PPR631182
PPR,PPR846020,2024,The construction and preliminary validation of methylation haplotype load markers of multiple genes for cervical cancer screenings,10.21203/rs.3.rs-4316829/v1,,https://europepmc.org/article/PPR/PPR846020
MED,39398548,2024,Analysis of effectiveness in an artificial intelligent film reading system combined with liquid based cytology examination for cervical cancer screening.,10.62347/evxv1402,eng,https://pubmed.ncbi.nlm.nih.gov/39398548/
MED,41714366,2026,AI-assisted diagnosis of cervical dysplasia from cervicography images.,10.1038/s41598-026-39192-1,eng,https://pubmed.ncbi.nlm.nih.gov/41714366/
PPR,PPR1021121,2025,Data mining techniques for increasing resolution of refractive index measurements for precise cervical intraepithelial neoplasia and cervical cancer classification,10.21203/rs.3.rs-6388221/v1,,https://europepmc.org/article/PPR/PPR1021121
MED,38588882,2024,Assessment of Efficacy and Accuracy of Cervical Cytology Screening With Artificial Intelligence Assistive System.,10.1016/j.modpat.2024.100486,eng,https://pubmed.ncbi.nlm.nih.gov/38588882/
MED,38100494,2023,Digital health interventions for cervical cancer care: A systematic review and future research opportunities.,10.1371/journal.pone.0296015,eng,https://pubmed.ncbi.nlm.nih.gov/38100494/
PPR,PPR973064,2025,Cervical cancer screening uptake and its associated factor in Sub-Shara Africa: a machine learning approach,10.21203/rs.3.rs-5890984/v1,,https://europepmc.org/article/PPR/PPR973064
PPR,PPR998438,2025,IMATX: An Integrated Multi-Context Pyramidal Framework for Explainable and Interpretable AI Predictions for Real time Clinical Validation in Cervical Cancer Detection,10.21203/rs.3.rs-6232663/v1,,https://europepmc.org/article/PPR/PPR998438
MED,42166060,2026,"ASO Special Article: Proceedings of the Inaugural Joint US-India Cancer Dialogue: Accelerating Collaboration to Advance Cancer Prevention, Early Detection, Treatment, and Care.",10.1245/s10434-026-19813-9,eng,https://pubmed.ncbi.nlm.nih.gov/42166060/
MED,41663331,2026,Leveraging artificial intelligence to decipher gynecologic cytopathology reports: Insights from an exploratory study for possible use in patient portals.,10.1002/cncy.70077,eng,https://pubmed.ncbi.nlm.nih.gov/41663331/
MED,41349438,2026,The added value of radiomic analysis for predicting spontaneous preterm birth in the first trimester.,10.1016/j.cmpb.2025.109181,eng,https://pubmed.ncbi.nlm.nih.gov/41349438/
MED,35885598,2022,Radiomics Diagnostic Tool Based on Deep Learning for Colposcopy Image Classification.,10.3390/diagnostics12071694,eng,https://pubmed.ncbi.nlm.nih.gov/35885598/
MED,38972594,2024,"Development, Validation, and Implementation of an Augmented Multiwell, Multitarget Quantitative PCR for the Analysis of Human Papillomavirus Genotyping through Software Automation, Data Science, and Artificial Intelligence.",10.1016/j.jmoldx.2024.05.012,eng,https://pubmed.ncbi.nlm.nih.gov/38972594/
MED,37373717,2023,Pivotal Clinical Study to Evaluate the Efficacy and Safety of Assistive Artificial Intelligence-Based Software for Cervical Cancer Diagnosis.,10.3390/jcm12124024,eng,https://pubmed.ncbi.nlm.nih.gov/37373717/
MED,39984572,2025,Generalizable deep neural networks for image quality classification of cervical images.,10.1038/s41598-025-90024-0,eng,https://pubmed.ncbi.nlm.nih.gov/39984572/
MED,41604300,2026,Application of Cancer Screening Guidelines in Resource Limited Settings.,10.1177/10732748251408883,eng,https://pubmed.ncbi.nlm.nih.gov/41604300/
MED,41306592,2025,Evolving HPV diagnostics: current practice and future frontiers.,10.3389/fcimb.2025.1681779,eng,https://pubmed.ncbi.nlm.nih.gov/41306592/
MED,39377445,2024,Enhancing pap smear image classification: integrating transfer learning and attention mechanisms for improved detection of cervical abnormalities.,10.1088/2057-1976/ad7bc0,eng,https://pubmed.ncbi.nlm.nih.gov/39377445/
MED,41057952,2025,"Artificial intelligence-assisted ultrasound screening for breast cancer in China: a prospective, clustered, controlled, population-based study.",10.1186/s13058-025-02128-0,eng,https://pubmed.ncbi.nlm.nih.gov/41057952/
PPR,PPR1168698,2026,Psychosocial Distress Predicts Persistent HPV Infection after Conization: A Machine Learning Model and Immune Profiling Study,10.21203/rs.3.rs-8913274/v1,,https://europepmc.org/article/PPR/PPR1168698
MED,40705442,2025,Design and Validation of a Chatbot-Based Cervical Cancer Screening Decision Aid for Women Experiencing Socioeconomic Disadvantage: User-Centered Approach Study.,10.2196/70251,eng,https://pubmed.ncbi.nlm.nih.gov/40705442/
PPR,PPR1174485,2026,HDFF-Net: A Hybrid Dual-Feature Fusion Network with Cross-Modal Attention for Automated Colposcopic Transformation Zone Classification,10.21203/rs.3.rs-9260639/v1,,https://europepmc.org/article/PPR/PPR1174485
MED,38066031,2023,Reproducible and clinically translatable deep neural networks for cervical screening.,10.1038/s41598-023-48721-1,eng,https://pubmed.ncbi.nlm.nih.gov/38066031/
MED,37835828,2023,Automated Assessment of Digital Images of Uterine Cervix Captured Using Transvaginal Device-A Pilot Study.,10.3390/diagnostics13193085,eng,https://pubmed.ncbi.nlm.nih.gov/37835828/
MED,41966194,2025,A Bibliometric and Visual Analysis of Cancer Screening Based on the Web of Science Core Collection Database.,10.34172/ijhpm.8554,eng,https://pubmed.ncbi.nlm.nih.gov/41966194/
MED,40374345,2025,[A Meta-analysis of the application of artificial intelligence in cervical cytopathology diagnosis].,10.3760/cma.j.cn112150-20240711-00560,chi,https://pubmed.ncbi.nlm.nih.gov/40374345/
MED,38899565,2024,A machine learning model to predict spontaneous vaginal delivery failure for term nulliparous women: An observational study.,10.1002/ijgo.15739,eng,https://pubmed.ncbi.nlm.nih.gov/38899565/
PPR,PPR1279578,2026,A Novel Ferro-Aging-Related Gene Signature for Prognosis and Targeted Drug Prediction in Cervical Cancer,10.21203/rs.3.rs-9957206/v1,,https://europepmc.org/article/PPR/PPR1279578
MED,34422957,2021,Computer-aided diagnostic system based on deep learning for classifying colposcopy images.,10.21037/atm-21-885,eng,https://pubmed.ncbi.nlm.nih.gov/34422957/
MED,39941293,2025,RL-Cervix.Net: A Hybrid Lightweight Model Integrating Reinforcement Learning for Cervical Cell Classification.,10.3390/diagnostics15030364,eng,https://pubmed.ncbi.nlm.nih.gov/39941293/
PPR,PPR907992,2024,ViT-FLSFO: A method for Cervical Image Classification,10.21203/rs.3.rs-4900930/v1,,https://europepmc.org/article/PPR/PPR907992
MED,37200281,2023,Accurate deep learning model using semi-supervised learning and Noisy Student for cervical cancer screening in low magnification images.,10.1371/journal.pone.0285996,eng,https://pubmed.ncbi.nlm.nih.gov/37200281/
MED,38872398,2024,Internal validation of Automated Visual Evaluation (AVE) on smartphone images for cervical cancer screening in a prospective study in Zambia.,10.1002/cam4.7355,eng,https://pubmed.ncbi.nlm.nih.gov/38872398/
MED,40314307,2025,Detection of precancerous lesions in cervical images of perimenopausal women using U-net deep learning.,10.29063/ajrh2025/v29i4.10,eng,https://pubmed.ncbi.nlm.nih.gov/40314307/
MED,39498535,2025,Analysis of the sensitivity of high-grade squamous intraepithelial lesion Pap diagnosis and interobserver variability with the Hologic Genius Digital Diagnostics System.,10.1002/cncy.22918,eng,https://pubmed.ncbi.nlm.nih.gov/39498535/
MED,40234807,2025,Artificial intelligence utilization in cancer screening program across ASEAN: a scoping review.,10.1186/s12885-025-14026-x,eng,https://pubmed.ncbi.nlm.nih.gov/40234807/
MED,36553073,2022,Evaluating the Feasibility of Machine-Learning-Based Predictive Models for Precancerous Cervical Lesions in Patients Referred for Colposcopy.,10.3390/diagnostics12123066,eng,https://pubmed.ncbi.nlm.nih.gov/36553073/
MED,42737631,2026,Comprehensive Analysis of Cuproptosis-Related Genes According to Cancer Stage and Their Prognostic Value in Cervical Cancer.,10.3390/ijms27177730,eng,https://pubmed.ncbi.nlm.nih.gov/42737631/
MED,39529914,2024,CerviXpert: A multi-structural convolutional neural network for predicting cervix type and cervical cell abnormalities.,10.1177/20552076241295440,eng,https://pubmed.ncbi.nlm.nih.gov/39529914/
MED,40499044,2025,Split DNA Tetrahedron-Mediated Spatiotemporal-Hierarchy CRISPR Cascade Integrated with Au@Pt Nanolabels and Artificial Intelligence for a Cervical Cancer MicroRNA Bioassay.,10.1021/acsnano.5c01376,eng,https://pubmed.ncbi.nlm.nih.gov/40499044/
MED,40442164,2025,Prediction of clinical stages of cervical cancer via machine learning integrated with clinical features and ultrasound-based radiomics.,10.1038/s41598-025-03170-w,eng,https://pubmed.ncbi.nlm.nih.gov/40442164/
MED,38757647,2024,"Public health nurse perspectives on predicting nonattendance for cervical cancer screening through classification, ensemble, and deep learning models.",10.1111/phn.13334,eng,https://pubmed.ncbi.nlm.nih.gov/38757647/
MED,35730264,2022,DeepCyto: a hybrid framework for cervical cancer classification by using deep feature fusion of cytology images.,10.3934/mbe.2022301,eng,https://pubmed.ncbi.nlm.nih.gov/35730264/
PPR,PPR898619,2024,Explainable Artificial Intelligence (XAI) for Diagnosing and Treating Tumors of the Female Reproductive Systems: Challenges and Advances,10.20944/preprints202408.0047.v2,,https://europepmc.org/article/PPR/PPR898619
MED,41239481,2025,Machine learning-based screening and validation of pyroptosis-associated prognostic genes and potential drugs in cervical cancer.,10.1186/s12920-025-02260-y,eng,https://pubmed.ncbi.nlm.nih.gov/41239481/
MED,38494870,2024,A smartphone-based standalone fluorescence spectroscopy tool for cervical precancer diagnosis in clinical conditions.,10.1002/jbio.202300468,eng,https://pubmed.ncbi.nlm.nih.gov/38494870/
MED,36148422,2022,An Improved Image Classification Method for Cervical Precancerous Lesions Based on ShuffleNet.,10.1155/2022/9675628,eng,https://pubmed.ncbi.nlm.nih.gov/36148422/
PPR,PPR730609,2023,AI-Driven Cervical Cancer Cytological Diagnosis Solution based on Large Scale Data Collections and Annotations: A Multi-centre Clinical Validation,10.21203/rs.3.rs-3225479/v1,,https://europepmc.org/article/PPR/PPR730609
MED,40608684,2025,Can ChatGPT Provide Patient-Friendly and Reliable Information on Cervical Cancer Screening? A Study of ChatGPT-Generated Information in Polish.,10.12659/msm.947992,eng,https://pubmed.ncbi.nlm.nih.gov/40608684/
MED,36780042,2023,CIN2 + detection in high-risk HPV patients with no or minor cervical cytologic abnormalities: a clinical approach validated by machine learning.,10.1007/s00404-023-06953-6,eng,https://pubmed.ncbi.nlm.nih.gov/36780042/
MED,41919328,2026,CRISPR-Cas system: recent advancements in prompt diagnosis of high-risk HPV genotypes in cervical cancer.,10.1080/14737159.2026.2654503,eng,https://pubmed.ncbi.nlm.nih.gov/41919328/
MED,34914727,2021,Study protocol for a two-site clinical trial to validate a smartphone-based artificial intelligence classifier identifying cervical precancer and cancer in HPV-positive women in Cameroon.,10.1371/journal.pone.0260776,eng,https://pubmed.ncbi.nlm.nih.gov/34914727/
MED,41963932,2026,Light-XAI: a CADx for explainable cervical cancer detection via attention-based lightweight convolutional neural networks and layer-wise feature fusion.,10.1186/s13040-026-00540-6,eng,https://pubmed.ncbi.nlm.nih.gov/41963932/
PPR,PPR702851,2023,Cervical Cancer Screening: Artificial Intelligence Algorithm For Automatic Diagnostic Support,10.21203/rs.3.rs-3230760/v1,,https://europepmc.org/article/PPR/PPR702851
MED,41079084,2025,A novel bivariate nomogram for predicting sequela vaginal lesions after surgery in patients with HPV-associated cervical cancer.,10.3389/fonc.2025.1587520,eng,https://pubmed.ncbi.nlm.nih.gov/41079084/
MED,39494050,2024,A precise machine learning model: Detecting cervical cancer using feature selection and explainable AI.,10.1016/j.jpi.2024.100398,eng,https://pubmed.ncbi.nlm.nih.gov/39494050/
MED,41559646,2026,A P4HA2 hypoxia signature derived from single cell atlas stratifies conserved subtypes with prognostic significance in cervical squamous cell carcinoma.,10.1186/s12885-026-15597-z,eng,https://pubmed.ncbi.nlm.nih.gov/41559646/
MED,39265621,2025,Application of Machine Learning Algorithms for Risk Stratification and Efficacy Evaluation in Cervical Cancer Screening among the ASCUS/LSIL Population: Evidence from the Korean HPV Cohort Study.,10.4143/crt.2024.465,eng,https://pubmed.ncbi.nlm.nih.gov/39265621/
MED,40499075,2025,Challenges and Opportunities for Global Cervical Cancer Elimination: How Can We Build a Model for Other Cancers?,10.1200/edbk-25-473702,eng,https://pubmed.ncbi.nlm.nih.gov/40499075/
MED,39258245,2024,Machine Learning Prediction of Residual and Recurrent High-Grade CIN Post-LEEP.,10.2147/cmar.s484057,eng,https://pubmed.ncbi.nlm.nih.gov/39258245/
MED,39611440,2025,Advances in cervical cancer: current insights and future directions.,10.1002/cac2.12629,eng,https://pubmed.ncbi.nlm.nih.gov/39611440/
MED,42011180,2026,Assessing the Accuracy of ChatGPT's Answers to Basic Questions on Uterine and Cervical Cancers.,10.5001/omj.2025.106,eng,https://pubmed.ncbi.nlm.nih.gov/42011180/
MED,40506912,2025,Validity and Reliability of an Artificial Intelligence-Based Posture Estimation Software for Measuring Cervical and Lower-Limb Alignment Versus Radiographic Imaging.,10.3390/diagnostics15111340,eng,https://pubmed.ncbi.nlm.nih.gov/40506912/
MED,41795766,2026,The role of hematological biomarkers as diagnostic tool in pre-cancerous patients.,10.1007/s12672-026-04661-6,eng,https://pubmed.ncbi.nlm.nih.gov/41795766/
MED,39566061,2024,Performance of a Full-Coverage Cervical Cancer Screening Program Using on an Artificial Intelligence- and Cloud-Based Diagnostic System: Observational Study of an Ultralarge Population.,10.2196/51477,eng,https://pubmed.ncbi.nlm.nih.gov/39566061/
MED,37425429,2023,Polarimetric imaging for cervical pre-cancer screening aided by machine learning: <i>ex vivo</i> studies.,10.1117/1.jbo.28.10.102904,eng,https://pubmed.ncbi.nlm.nih.gov/37425429/
MED,40007291,2024,[Clinical study of cervical lymph node metastasis in oral tongue squamous carcinoma by a machine learning model based on contrast-enhanced CT radiomics].,,chi,https://pubmed.ncbi.nlm.nih.gov/40007291/
MED,33831990,2021,[Application of artificial intelligence-assisted diagnosis for cervical liquid-based thin-layer cytology].,10.3760/cma.j.cn112151-20201013-00780,chi,https://pubmed.ncbi.nlm.nih.gov/33831990/
MED,32814641,2020,"Artificial intelligence-assisted cytology for detection of cervical intraepithelial neoplasia or invasive cancer: A multicenter, clinical-based, observational study.",10.1016/j.ygyno.2020.07.099,eng,https://pubmed.ncbi.nlm.nih.gov/32814641/
MED,42677133,2026,"Advanced nanocatalytic medicine for genitourinary diseases: Reactive oxygen modulation, precision therapeutics, and clinical translation.",10.1016/j.mtbio.2026.103572,eng,https://pubmed.ncbi.nlm.nih.gov/42677133/
MED,42129787,2026,"Convolutional neural network analysis of cervical CT images: classification of Kikuchi disease, lymphoma, lymphadenitis, and tuberculosis.",10.1186/s12938-026-01586-7,eng,https://pubmed.ncbi.nlm.nih.gov/42129787/
MED,37056736,2023,Artificial intelligence in colposcopic examination: A promising tool to assist junior colposcopists.,10.3389/fmed.2023.1060451,eng,https://pubmed.ncbi.nlm.nih.gov/37056736/
MED,39856153,2025,Detection of cervical cell based on multi-scale spatial information.,10.1038/s41598-025-87165-7,eng,https://pubmed.ncbi.nlm.nih.gov/39856153/
MED,40389794,2025,Novel marker genes and small molecule drugs for radiotherapy resistance in cervical cancer identified based on single-cell multi-omics analysis.,10.1007/s12672-025-02532-0,eng,https://pubmed.ncbi.nlm.nih.gov/40389794/
MED,41142601,2025,Enhancing cervical cancer diagnosis with ensemble learning and shark optimization algorithm: comparative study of CT and MRI in cervical cancer diagnosis.,10.3389/fonc.2025.1608386,eng,https://pubmed.ncbi.nlm.nih.gov/41142601/
MED,40306516,2025,Advancements in fluorescent nanobiosensors for HPV detection: from integrating nanomaterials to DNA nanotechnology.,10.1016/j.ijbiomac.2025.143619,eng,https://pubmed.ncbi.nlm.nih.gov/40306516/
MED,40597085,2025,Exploring the possibilities and limitations of customized large language model to support and improve cervical cancer screening.,10.1186/s12911-025-03088-3,eng,https://pubmed.ncbi.nlm.nih.gov/40597085/
MED,40895332,2025,A Machine Learning and Bayesian Belief Network Approach to Predicting Cervical Cancer Risk: Implications for Risk Management.,10.2147/jmdh.s524132,eng,https://pubmed.ncbi.nlm.nih.gov/40895332/
MED,39451609,2024,Early Cervical Cancer Diagnosis with SWIN-Transformer and Convolutional Neural Networks.,10.3390/diagnostics14202286,eng,https://pubmed.ncbi.nlm.nih.gov/39451609/
MED,39337913,2024,An Artificial Neural Network Prediction Model of Depressive Symptoms among Women with Abnormal Papanicolaou Smear Results before and after Diagnostic Procedures.,10.3390/life14091130,eng,https://pubmed.ncbi.nlm.nih.gov/39337913/
MED,37251934,2023,Artificial intelligence in thyroid ultrasound.,10.3389/fonc.2023.1060702,eng,https://pubmed.ncbi.nlm.nih.gov/37251934/
MED,35290728,2022,Scrutinizing high-risk patients from ASC-US cytology via a deep learning model.,10.1002/cncy.22560,eng,https://pubmed.ncbi.nlm.nih.gov/35290728/
PPR,PPR624761,2023,Reproducible and Clinically Translatable Deep Neural Networks for Cancer Screening,10.21203/rs.3.rs-2526701/v1,,https://europepmc.org/article/PPR/PPR624761
PPR,PPR1010256,2025,Copy number signatures in cervical samples enable early detection of high-grade serous ovarian carcinoma,10.1101/2025.04.23.25325778,,https://europepmc.org/article/PPR/PPR1010256
MED,36428816,2022,Analysis of Cytology Pap Smear Images Based on Ensemble Deep Learning Approach.,10.3390/diagnostics12112756,eng,https://pubmed.ncbi.nlm.nih.gov/36428816/
MED,39370601,2024,Digital colposcopy image analysis techniques requirements and their role in clinical diagnosis: a systematic review.,10.1080/17434440.2024.2407549,eng,https://pubmed.ncbi.nlm.nih.gov/39370601/
MED,33973305,2021,Application of artificial intelligence in gynecologic malignancies: A review.,10.1111/jog.14818,eng,https://pubmed.ncbi.nlm.nih.gov/33973305/
MED,39594737,2024,Novelty Classification Model Use in Reinforcement Learning for Cervical Cancer.,10.3390/cancers16223782,eng,https://pubmed.ncbi.nlm.nih.gov/39594737/
PPR,PPR1049350,2025,Machine learning-based screening and validation of pyroptosis-associated prognostic genes and potential drugs in cervical cancer,10.21203/rs.3.rs-6932347/v1,,https://europepmc.org/article/PPR/PPR1049350
PPR,PPR586771,2022,Reproducible And Clinically Translatable Deep Neural Networks For Cervical Screening,10.1101/2022.12.17.22282984,,https://europepmc.org/article/PPR/PPR586771
PPR,PPR587236,2022,Reproducible And Clinically Translatable Deep Neural Networks For Cervical Screening,10.21203/rs.3.rs-2389404/v1,,https://europepmc.org/article/PPR/PPR587236
MED,32584382,2021,Accuracy and Efficiency of Deep-Learning-Based Automation of Dual Stain Cytology in Cervical Cancer Screening.,10.1093/jnci/djaa066,eng,https://pubmed.ncbi.nlm.nih.gov/32584382/
MED,38224340,2024,Design of the HPV-automated visual evaluation (PAVE) study: Validating a novel cervical screening strategy.,10.7554/elife.91469,eng,https://pubmed.ncbi.nlm.nih.gov/38224340/
MED,34214045,2022,Cervical Cancer Diagnostics Healthcare System Using Hybrid Object Detection Adversarial Networks.,10.1109/jbhi.2021.3094311,eng,https://pubmed.ncbi.nlm.nih.gov/34214045/
MED,40361993,2025,Advancing Cervical Cancer Prevention Equity: Innovations in Self-Sampling and Digital Health Technologies Across Healthcare Settings.,10.3390/diagnostics15091176,eng,https://pubmed.ncbi.nlm.nih.gov/40361993/
MED,36467973,2022,HPV High-risk Multiple Infection Is a Key Predictor of Cervical Dysplasia in Diagnostic LEEPs: a Retrospective Cohort Analysis.,10.1055/a-1857-6470,eng,https://pubmed.ncbi.nlm.nih.gov/36467973/
MED,38573545,2025,The Evolving Landscape of Cervical Cancer: Breakthroughs in Screening and Therapy Through Integrating Biotechnology and Artificial Intelligence.,10.1007/s12033-024-01124-7,eng,https://pubmed.ncbi.nlm.nih.gov/38573545/
MED,39969762,2025,"Identification of a novel hypermethylation marker, ZSCAN18, and construction of a diagnostic model in cervical cancer.",10.1007/s12094-025-03864-7,eng,https://pubmed.ncbi.nlm.nih.gov/39969762/
MED,41241583,2025,Leveraging digital technologies to reduce cancer disparities in low-income and middle-income countries.,10.1016/j.landig.2025.100937,eng,https://pubmed.ncbi.nlm.nih.gov/41241583/
MED,38298438,2023,Predicting cervical intraepithelial neoplasia and determining the follow-up period in high-risk human papillomavirus patients.,10.3389/fonc.2023.1289030,eng,https://pubmed.ncbi.nlm.nih.gov/38298438/
MED,39661618,2024,Evaluation of the cervical liquid-based cytology sample as a microbiome resource for dual diagnosis.,10.1371/journal.pone.0308985,eng,https://pubmed.ncbi.nlm.nih.gov/39661618/
MED,40009089,2025,3D reconstructed models based on real cervical cancer cases for undergraduate gynecological oncology education: a pre- and post-test study.,10.1186/s41205-025-00256-z,eng,https://pubmed.ncbi.nlm.nih.gov/40009089/
MED,38849836,2024,Development of a machine learning-based model for predicting positive margins in high-grade squamous intraepithelial lesion (HSIL) treatment by Cold Knife Conization(CKC): a single-center retrospective study.,10.1186/s12905-024-03180-2,eng,https://pubmed.ncbi.nlm.nih.gov/38849836/
MED,39433994,2024,Developing a logistic regression model to predict spontaneous preterm birth from maternal socio-demographic and obstetric history at initial pregnancy registration.,10.1186/s12884-024-06892-3,eng,https://pubmed.ncbi.nlm.nih.gov/39433994/
MED,40107437,2025,Recent update on the development of HPV16 inhibitors for cervical cancer.,10.1016/j.critrevonc.2025.104703,eng,https://pubmed.ncbi.nlm.nih.gov/40107437/
PPR,PPR998259,2025,Enhanced Cervical Cancer Classification Using Convolutional Tsetlin Machines with Transfer Learning,10.21203/rs.3.rs-5655927/v1,,https://europepmc.org/article/PPR/PPR998259
MED,37265676,2023,"Cervical cancer screening aided by artificial intelligence, China.",10.2471/blt.22.289061,eng,https://pubmed.ncbi.nlm.nih.gov/37265676/
MED,39851297,2024,Cells Grouping Detection and Confusing Labels Correction on Cervical Pathology Images.,10.3390/bioengineering12010023,eng,https://pubmed.ncbi.nlm.nih.gov/39851297/
PPR,PPR933557,2024,VLR Net-An Ensemble Model to Enhance the Accuracy of Classification of Colposcopy Images,10.20944/preprints202410.2511.v1,,https://europepmc.org/article/PPR/PPR933557
MED,37758250,2024,Artificial intelligence-based image analysis in clinical testing: lessons from cervical cancer screening.,10.1093/jnci/djad202,eng,https://pubmed.ncbi.nlm.nih.gov/37758250/
MED,37059230,2023,Improving the Accuracy and Efficiency of Abnormal Cervical Squamous Cell Detection With Cytologist-in-the-Loop Artificial Intelligence.,10.1016/j.modpat.2023.100186,eng,https://pubmed.ncbi.nlm.nih.gov/37059230/
MED,39747449,2025,Analysis of precancerous lesion-related microRNAs for early diagnosis of cervical cancer in the Thai population.,10.1038/s41598-024-84080-1,eng,https://pubmed.ncbi.nlm.nih.gov/39747449/
MED,35299096,2022,Multi-task network for automated analysis of high-resolution endomicroscopy images to detect cervical precancer and cancer.,10.1016/j.compmedimag.2022.102052,eng,https://pubmed.ncbi.nlm.nih.gov/35299096/
MED,35155253,2022,How Can a High-Performance Screening Strategy Be Determined for Cervical Cancer Prevention? Evidence From a Hierarchical Clustering Analysis of a Multicentric Clinical Study.,10.3389/fonc.2022.816789,eng,https://pubmed.ncbi.nlm.nih.gov/35155253/
MED,38608802,2024,Application of one-dimensional hierarchical network assisted screening for cervical cancer based on Raman spectroscopy combined with attention mechanism.,10.1016/j.pdpdt.2024.104086,eng,https://pubmed.ncbi.nlm.nih.gov/38608802/
MED,40010988,2025,Waikato Environment for Knowledge Analysis (WEKA) as a Data Analysis Method Identifying Potential Hematological Parameters for Early Diagnosis of Cervical Cancer.,10.21873/invivo.13909,eng,https://pubmed.ncbi.nlm.nih.gov/40010988/
PPR,PPR695714,2023,Internal Validation of Automated Visual Evaluation (AVE) on Smartphone Images for Cervical Cancer Screening in a Prospective Study in Zambia,10.1101/2023.07.19.23292888,,https://europepmc.org/article/PPR/PPR695714
MED,40686733,2025,RunicNet: Leveraging CNNs With Attention Mechanisms for Cervical Cancer Cell Classification.,10.1177/11795972251351815,eng,https://pubmed.ncbi.nlm.nih.gov/40686733/
MED,35267466,2022,A Deep Learning Model for Cervical Cancer Screening on Liquid-Based Cytology Specimens in Whole Slide Images.,10.3390/cancers14051159,eng,https://pubmed.ncbi.nlm.nih.gov/35267466/
PPR,PPR564029,2022,Diagnostic Accuracy of Artificial Intelligence Algorithm incorporated into MobileODT Enhanced Visual Assessment for triaging Screen Positive Women after Cervical Cancer Screening,10.21203/rs.3.rs-1964690/v2,,https://europepmc.org/article/PPR/PPR564029
MED,35617940,2022,Colposcopic multimodal fusion for the classification of cervical lesions.,10.1088/1361-6560/ac73d4,eng,https://pubmed.ncbi.nlm.nih.gov/35617940/
MED,38470598,2024,SCAC: A Semi-Supervised Learning Approach for Cervical Abnormal Cell Detection.,10.1109/jbhi.2024.3375889,eng,https://pubmed.ncbi.nlm.nih.gov/38470598/
MED,35571399,2022,Diagnostic test of bioimpedance-based neural network algorithm in early cervical cancer.,10.21037/atm-22-1366,eng,https://pubmed.ncbi.nlm.nih.gov/35571399/
MED,37531108,2023,Use of Virus Genotypes in Machine Learning Diagnostic Prediction Models for Cervical Cancer in Women With High-Risk Human Papillomavirus Infection.,10.1001/jamanetworkopen.2023.26890,eng,https://pubmed.ncbi.nlm.nih.gov/37531108/
MED,33811763,2021,Cervical lesion assessment using real-time microendoscopy image analysis in Brazil: The CLARA study.,10.1002/ijc.33543,eng,https://pubmed.ncbi.nlm.nih.gov/33811763/
MED,38824215,2024,Construction and validation of a clinical risk model based on machine learning for screening characteristic factors of lymphovascular space invasion in endometrial cancer.,10.1038/s41598-024-63436-7,eng,https://pubmed.ncbi.nlm.nih.gov/38824215/
MED,36232778,2022,Early Detection of Cervical Cancer by Fluorescence Lifetime Imaging Microscopy Combined with Unsupervised Machine Learning.,10.3390/ijms231911476,eng,https://pubmed.ncbi.nlm.nih.gov/36232778/
MED,34629152,2021,Artificial intelligence in gynecologic cancers: Current status and future challenges - A systematic review.,10.1016/j.artmed.2021.102164,eng,https://pubmed.ncbi.nlm.nih.gov/34629152/
MED,38633087,2024,Siamese deep learning video flow cytometry for automatic and label-free clinical cervical cancer cell analysis.,10.1364/boe.510022,eng,https://pubmed.ncbi.nlm.nih.gov/38633087/
PPR,PPR716820,2023,Design of the HPV-Automated Visual Evaluation (PAVE) Study: Validating a Novel Cervical Screening Strategy,10.1101/2023.08.30.23294826,,https://europepmc.org/article/PPR/PPR716820
MED,36196881,2023,Development of an Algorithm for Cervical High-Grade Squamous Intraepithelial Lesion Based on Breath Print Analysis.,10.1097/lgt.0000000000000707,eng,https://pubmed.ncbi.nlm.nih.gov/36196881/
PPR,PPR924964,2024,Integration of New Technologies in Healthcare: Robotic Surgery and Artificial Intelligence in Cytology. Literature Review,10.20944/preprints202410.1044.v1,,https://europepmc.org/article/PPR/PPR924964
MED,35740578,2022,"Review of the Standard and Advanced Screening, Staging Systems and Treatment Modalities for Cervical Cancer.",10.3390/cancers14122913,eng,https://pubmed.ncbi.nlm.nih.gov/35740578/
MED,39696025,2024,Novel neural network classification of maternal fetal ultrasound planes through optimized feature selection.,10.1186/s12880-024-01453-8,eng,https://pubmed.ncbi.nlm.nih.gov/39696025/
MED,32635269,2020,Ensemble Deep Learning for Cervix Image Selection toward Improving Reliability in Automated Cervical Precancer Screening.,10.3390/diagnostics10070451,eng,https://pubmed.ncbi.nlm.nih.gov/32635269/
MED,40002170,2025,Disparities in Cancer Screening Among the Foreign-Born Population in the United States: A Narrative Review.,10.3390/cancers17040576,eng,https://pubmed.ncbi.nlm.nih.gov/40002170/
MED,39310414,2024,A Comparison of ChatGPT and Multidisciplinary Team Meeting Treatment Recommendations in 10 Consecutive Cervical Cancer Patients.,10.7759/cureus.67458,eng,https://pubmed.ncbi.nlm.nih.gov/39310414/
MED,36463193,2022,Cervical pre-cancerous lesion detection: development of smartphone-based VIA application using artificial intelligence.,10.1186/s13104-022-06250-6,eng,https://pubmed.ncbi.nlm.nih.gov/36463193/
MED,29659930,2018,"Automated Cervical Screening and Triage, Based on HPV Testing and Computer-Interpreted Cytology.",10.1093/jnci/djy044,eng,https://pubmed.ncbi.nlm.nih.gov/29659930/
MED,37298066,2023,NOVAprep-miR-Cervix: New Method for Evaluation of Cervical Dysplasia Severity Based on Analysis of Six miRNAs.,10.3390/ijms24119114,eng,https://pubmed.ncbi.nlm.nih.gov/37298066/
MED,39881038,2025,A radiopathomics model for predicting large-number cervical lymph node metastasis in clinical N0 papillary thyroid carcinoma.,10.1007/s00330-025-11377-8,eng,https://pubmed.ncbi.nlm.nih.gov/39881038/
MED,35734419,2022,Cervix Type and Cervical Cancer Classification System Using Deep Learning Techniques.,10.2147/mder.s366303,eng,https://pubmed.ncbi.nlm.nih.gov/35734419/
MED,33018383,2020,Deep learning-based image evaluation for cervical precancer screening with a smartphone targeting low resource settings - Engineering approach.,10.1109/embc44109.2020.9175863,eng,https://pubmed.ncbi.nlm.nih.gov/33018383/
MED,38563455,2025,RETRACTED: Development of gene panel for predicting recurrence in early-stage cervical cancer patients.,10.1002/tox.24270,eng,https://pubmed.ncbi.nlm.nih.gov/38563455/
MED,42635083,2026,Deciphering HPV-Associated Immune Evasion in Cervical Cancer Through Multi-Omics Profiling and Computational Screening.,10.1155/ancp/6756766,eng,https://pubmed.ncbi.nlm.nih.gov/42635083/
PPR,PPR897690,2024,A Deep Learning Framework for Predicting Prognostically Relevant Consensus Molecular Subtypes in HPV-Positive Cervical Squamous Cell Carcinoma from Routine Histology Images,10.1101/2024.08.16.608264,,https://europepmc.org/article/PPR/PPR897690
MED,38113684,2024,Self-supervised learning-based cervical cytology for the triage of HPV-positive women in resource-limited settings and low-data regime.,10.1016/j.compbiomed.2023.107809,eng,https://pubmed.ncbi.nlm.nih.gov/38113684/
MED,41317151,2025,Cervical whole-slide images dataset for multiclass classification.,10.1093/gigascience/giaf144,eng,https://pubmed.ncbi.nlm.nih.gov/41317151/
MED,40334182,2025,Broadening the Net: Overcoming Challenges and Embracing Novel Technologies in Lung Cancer Screening.,10.1200/edbk-25-473778,eng,https://pubmed.ncbi.nlm.nih.gov/40334182/
MED,30629194,2019,An Observational Study of Deep Learning and Automated Evaluation of Cervical Images for Cancer Screening.,10.1093/jnci/djy225,eng,https://pubmed.ncbi.nlm.nih.gov/30629194/
PPR,PPR820580,2024,Generalizable deep neural networks for image quality classification of cervical images,10.21203/rs.3.rs-3845696/v1,,https://europepmc.org/article/PPR/PPR820580
MED,39294534,2024,Screening and identification of susceptibility genes for cervical cancer via bioinformatics analysis and the construction of an mitophagy-related genes diagnostic model.,10.1007/s00432-024-05952-7,eng,https://pubmed.ncbi.nlm.nih.gov/39294534/
PPR,PPR494234,2022,Automated & Easy Diagnosis of Cervical Cancer From Onsite Easy Colposcopy Images,10.22541/au.165279266.63190186/v1,,https://europepmc.org/article/PPR/PPR494234
MED,39945559,2025,An artificial intelligence model for Lhermitte's sign in patients with pediatric-onset multiple sclerosis: A follow-up study.,10.17219/acem/196466,eng,https://pubmed.ncbi.nlm.nih.gov/39945559/
PPR,PPR958765,2024,Improving Accessibility of Cervical Cancer Screening: A Global Perspective on Self-Sampling and Digital Innovation,10.20944/preprints202412.1888.v1,,https://europepmc.org/article/PPR/PPR958765
MED,35035480,2022,The Performance of Artificial Intelligence in Cervical Colposcopy: A Retrospective Data Analysis.,10.1155/2022/4370851,eng,https://pubmed.ncbi.nlm.nih.gov/35035480/
MED,32493320,2020,The challenges of colposcopy for cervical cancer screening in LMICs and solutions by artificial intelligence.,10.1186/s12916-020-01613-x,eng,https://pubmed.ncbi.nlm.nih.gov/32493320/
MED,37835821,2023,Beyond the Microscope: A Technological Overture for Cervical Cancer Detection.,10.3390/diagnostics13193079,eng,https://pubmed.ncbi.nlm.nih.gov/37835821/
MED,41352861,2025,Refining cell classification for cervical cancer detection using an improved high dimensional feature fusion approach.,10.1016/j.medengphy.2025.104445,eng,https://pubmed.ncbi.nlm.nih.gov/41352861/
MED,37850189,2022,Multicontrast Pocket Colposcopy Cervical Cancer Diagnostic Algorithm for Referral Populations.,10.34133/2022/9823184,eng,https://pubmed.ncbi.nlm.nih.gov/37850189/
MED,32669565,2020,The application of deep learning based diagnostic system to cervical squamous intraepithelial lesions recognition in colposcopy images.,10.1038/s41598-020-68252-3,eng,https://pubmed.ncbi.nlm.nih.gov/32669565/
MED,39161265,2025,"Exploring the role of artificial intelligence, large language models: Comparing patient-focused information and clinical decision support capabilities to the gynecologic oncology guidelines.",10.1002/ijgo.15869,eng,https://pubmed.ncbi.nlm.nih.gov/39161265/
MED,32697872,2020,The artificial intelligence-assisted cytology diagnostic system in large-scale cervical cancer screening: A population-based cohort study of 0.7 million women.,10.1002/cam4.3296,eng,https://pubmed.ncbi.nlm.nih.gov/32697872/
MED,40743896,2025,DMCA-Net: Dual-branch multi-granularity hierarchical contrast and cross-attention network for cervical abnormal cell detection.,10.1016/j.neunet.2025.107890,eng,https://pubmed.ncbi.nlm.nih.gov/40743896/
MED,37059161,2023,Early screening of cervical cancer based on tissue Raman spectroscopy combined with deep learning algorithms.,10.1016/j.pdpdt.2023.103557,eng,https://pubmed.ncbi.nlm.nih.gov/37059161/
MED,40078237,2025,Enhancing Cancer Screening and Early Diagnosis in India: Overcoming Challenges and Leveraging Emerging Technologies.,10.7759/cureus.78808,eng,https://pubmed.ncbi.nlm.nih.gov/40078237/
MED,40067513,2025,PLOD3 as a novel oncogene in prognostic and immune infiltration risk model based on multi-machine learning in cervical cancer.,10.1007/s12672-025-02031-2,eng,https://pubmed.ncbi.nlm.nih.gov/40067513/
PPR,PPR853331,2024,3D reconstructed models based on real cervical cancer cases for undergraduate gynecological oncology education: a single-group pre- and post-test study,10.21203/rs.3.rs-4368918/v1,,https://europepmc.org/article/PPR/PPR853331
MED,39061062,2024,Predictive models for personalized precision medical intervention in spontaneous regression stages of cervical precancerous lesions.,10.1186/s12967-024-05417-y,eng,https://pubmed.ncbi.nlm.nih.gov/39061062/
MED,36292166,2022,Cervical Cell/Clumps Detection in Cytology Images Using Transfer Learning.,10.3390/diagnostics12102477,eng,https://pubmed.ncbi.nlm.nih.gov/36292166/
MED,33868241,2021,T Cell Receptor Repertoires Acquired <i>via</i> Routine Pap Testing May Help Refine Cervical Cancer and Precancer Risk Estimates.,10.3389/fimmu.2021.624230,eng,https://pubmed.ncbi.nlm.nih.gov/33868241/
MED,35054273,2022,The Application of Artificial Intelligence-Assisted Colposcopy in a Tertiary Care Hospital within a Cervical Pathology Diagnostic Unit.,10.3390/diagnostics12010106,eng,https://pubmed.ncbi.nlm.nih.gov/35054273/
PPR,PPR742722,2023,Cervical Cancer Prediction through Different Screening Methods using Machine Learning based on the strong features CNN-SVM network.,10.21203/rs.3.rs-3431998/v1,,https://europepmc.org/article/PPR/PPR742722
MED,36233503,2022,Practical Model for Residual/Recurrent Cervical Intraepithelial Lesions in Patients with Negative Margins after Cold-Knife Conization.,10.3390/jcm11195634,eng,https://pubmed.ncbi.nlm.nih.gov/36233503/
MED,34439947,2021,The Influence of Sexual Behavior and Demographic Characteristics in the Expression of HPV-Related Biomarkers in a Colposcopy Population of Reproductive Age Greek Women.,10.3390/biology10080713,eng,https://pubmed.ncbi.nlm.nih.gov/34439947/
MED,37116167,2023,Prediction and Detection of Cervical Malignancy Using Machine Learning Models.,10.31557/apjcp.2023.24.4.1419,eng,https://pubmed.ncbi.nlm.nih.gov/37116167/
PPR,PPR827188,2024,Classification of Cervical Cancer from Pap Smear Images Using Deep Learning: A Comparison of Transfer Learning Models,10.21203/rs.3.rs-3977123/v1,,https://europepmc.org/article/PPR/PPR827188
MED,39850660,2025,MTIOT: Identifying HPV subtypes from multiple infection data.,10.1016/j.csbj.2024.12.005,eng,https://pubmed.ncbi.nlm.nih.gov/39850660/
PPR,PPR497222,2022,Cervical Pre-cancerous Lesion Detection: Development of Smartphone-Based VIA Application Using Artificial Intelligence,10.21203/rs.3.rs-1608661/v1,,https://europepmc.org/article/PPR/PPR497222
MED,33349257,2020,Development and validation of an artificial intelligence system for grading colposcopic impressions and guiding biopsies.,10.1186/s12916-020-01860-y,eng,https://pubmed.ncbi.nlm.nih.gov/33349257/
MED,38978015,2024,Prediction of precancerous cervical cancer lesions among women living with HIV on antiretroviral therapy in Uganda: a comparison of supervised machine learning algorithms.,10.1186/s12905-024-03232-7,eng,https://pubmed.ncbi.nlm.nih.gov/38978015/
MED,38352226,2024,"Toward ovarian cancer screening with protein biomarkers using dried, self-sampled cervico-vaginal fluid.",10.1016/j.isci.2024.109001,eng,https://pubmed.ncbi.nlm.nih.gov/38352226/
MED,34268095,2021,Cervical Cancer Prediction by Merging Features of Different Colposcopic Images and Using Ensemble Classifier.,10.4103/jmss.jmss_16_20,eng,https://pubmed.ncbi.nlm.nih.gov/34268095/
PPR,PPR725035,2023,Analysis and validation of genes joint expression in Crohn's disease and cervical cancer based on GEO database.,10.21203/rs.3.rs-3342158/v1,,https://europepmc.org/article/PPR/PPR725035
MED,34376717,2021,Artificial intelligence-assisted fast screening cervical high grade squamous intraepithelial lesion and squamous cell carcinoma diagnosis and treatment planning.,10.1038/s41598-021-95545-y,eng,https://pubmed.ncbi.nlm.nih.gov/34376717/
MED,37782541,2023,Implementing Smartphone-Based Telemedicine for Cervical Cancer Screening in Uganda: Qualitative Study of Stakeholders' Perceptions.,10.2196/45132,eng,https://pubmed.ncbi.nlm.nih.gov/37782541/
MED,35676700,2022,Targeted RNA next generation sequencing analysis of cervical smears can predict the presence of hrHPV-induced cervical lesions.,10.1186/s12916-022-02386-1,eng,https://pubmed.ncbi.nlm.nih.gov/35676700/
MED,35735482,2022,Simplified Convolutional Neural Network Application for Cervix Type Classification via Colposcopic Images.,10.3390/bioengineering9060240,eng,https://pubmed.ncbi.nlm.nih.gov/35735482/
MED,40166111,2025,Classification and diagnosis of cervical lesions based on colposcopy images using deep fully convolutional networks: A man-machine comparison cohort study.,10.1016/j.fmre.2022.09.032,eng,https://pubmed.ncbi.nlm.nih.gov/40166111/
MED,33413391,2021,"Automatic model for cervical cancer screening based on convolutional neural network: a retrospective, multicohort, multicenter study.",10.1186/s12935-020-01742-6,eng,https://pubmed.ncbi.nlm.nih.gov/33413391/
MED,36777879,2022,Advancement in Deep Learning Methods for Diagnosis and Prognosis of Cervical Cancer.,10.2174/1389202923666220511155939,eng,https://pubmed.ncbi.nlm.nih.gov/36777879/
MED,36865486,2023,Ant Colony Optimization-Enabled CNN Deep Learning Technique for Accurate Detection of Cervical Cancer.,10.1155/2023/1742891,eng,https://pubmed.ncbi.nlm.nih.gov/36865486/
MED,38045489,2023,Optimised feature selection-driven convolutional neural network using gray level co-occurrence matrix for detection of cervical cancer.,10.1515/biol-2022-0770,eng,https://pubmed.ncbi.nlm.nih.gov/38045489/
MED,38146587,2023,Preterm Birth: Screening and Prediction.,10.2147/ijwh.s436624,eng,https://pubmed.ncbi.nlm.nih.gov/38146587/
MED,37947614,2023,Machine Learning Allows for Distinguishing Precancerous and Cancerous Human Epithelial Cervical Cells Using High-Resolution AFM Imaging of Adhesion Maps.,10.3390/cells12212536,eng,https://pubmed.ncbi.nlm.nih.gov/37947614/
PPR,PPR490725,2022,Practical model for residual/recurrent cervical intraepithelial lesions in patients with negative margins after cold-knife conization,10.21203/rs.3.rs-1611599/v1,,https://europepmc.org/article/PPR/PPR490725
MED,30825407,2019,A retrospective validation of the FocalPoint GS slide profiler NFR technology by analysis of interval disease outcomes compared with manual cytology.,10.1002/cncy.22109,eng,https://pubmed.ncbi.nlm.nih.gov/30825407/
MED,36062868,2022,Recognition of Cervical Precancerous Lesions Based on Probability Distribution Feature Guidance.,10.2174/1573405618666220428104541,eng,https://pubmed.ncbi.nlm.nih.gov/36062868/
MED,37060617,2023,Advancing cervical cancer diagnosis and screening with spectroscopy and machine learning.,10.1080/14737159.2023.2203816,eng,https://pubmed.ncbi.nlm.nih.gov/37060617/
PPR,PPR421585,2021,Machine Learning-Based Cervical Cancer Screening Using Cervigrams During Visual Inspection With Acetic Acid: a Systematic Review.,10.21203/rs.3.rs-1044067/v1,,https://europepmc.org/article/PPR/PPR421585
MED,35771872,2022,Effectiveness of Artificial Intelligence-Assisted Decision-making to Improve Vulnerable Women's Participation in Cervical Cancer Screening in France: Protocol for a Cluster Randomized Controlled Trial (AppDate-You).,10.2196/39288,eng,https://pubmed.ncbi.nlm.nih.gov/35771872/
MED,37568901,2023,Analysis of WSI Images by Hybrid Systems with Fusion Features for Early Diagnosis of Cervical Cancer.,10.3390/diagnostics13152538,eng,https://pubmed.ncbi.nlm.nih.gov/37568901/
MED,37283979,2023,Cost-effectiveness of artificial intelligence-assisted liquid-based cytology testing for cervical cancer screening in China.,10.1016/j.lanwpc.2023.100726,eng,https://pubmed.ncbi.nlm.nih.gov/37283979/
MED,36428831,2022,Diagnosis of Cervical Cancer and Pre-Cancerous Lesions by Artificial Intelligence: A Systematic Review.,10.3390/diagnostics12112771,eng,https://pubmed.ncbi.nlm.nih.gov/36428831/
MED,36290548,2022,Cervical Net: A Novel Cervical Cancer Classification Using Feature Fusion.,10.3390/bioengineering9100578,eng,https://pubmed.ncbi.nlm.nih.gov/36290548/
MED,38541633,2024,From Satirical Poems and Invisible Poisons to Radical Surgery and Organized Cervical Cancer Screening-A Historical Outline of Cervical Carcinoma and Its Relation to HPV Infection.,10.3390/life14030307,eng,https://pubmed.ncbi.nlm.nih.gov/38541633/
MED,40102789,2025,Single-cell transcriptomic analysis reveals CD8 + T cell heterogeneity and identifies a prognostic signature in cervical cancer.,10.1186/s12885-025-13901-x,eng,https://pubmed.ncbi.nlm.nih.gov/40102789/
MED,35169217,2022,Deep learning in image-based breast and cervical cancer detection: a systematic review and meta-analysis.,10.1038/s41746-022-00559-z,eng,https://pubmed.ncbi.nlm.nih.gov/35169217/
MED,36292449,2022,"Cervical Cancer Diagnosis Using an Integrated System of Principal Component Analysis, Genetic Algorithm, and Multilayer Perceptron.",10.3390/healthcare10102002,eng,https://pubmed.ncbi.nlm.nih.gov/36292449/
MED,31692958,2019,Application of deep learning to the classification of uterine cervical squamous epithelial lesion from colposcopy images.,10.3892/mco.2019.1932,eng,https://pubmed.ncbi.nlm.nih.gov/31692958/
MED,35445152,2021,A Deep Clustering Method For Analyzing Uterine Cervix Images Across Imaging Devices.,10.1109/cbms52027.2021.00085,eng,https://pubmed.ncbi.nlm.nih.gov/35445152/
MED,37238248,2023,Cervical Cancer Detection Techniques: A Chronological Review.,10.3390/diagnostics13101763,eng,https://pubmed.ncbi.nlm.nih.gov/37238248/
MED,33804469,2021,Network Visualization and Pyramidal Feature Comparison for Ablative Treatability Classification Using Digitized Cervix Images.,10.3390/jcm10050953,eng,https://pubmed.ncbi.nlm.nih.gov/33804469/
MED,36268101,2022,Classification of cervical biopsy free-text diagnoses through linear-classifier based natural language processing.,10.1016/j.jpi.2022.100123,eng,https://pubmed.ncbi.nlm.nih.gov/36268101/
MED,33440316,2021,Diagnosis of cervical precancerous lesions based on multimodal feature changes.,10.1016/j.compbiomed.2021.104209,eng,https://pubmed.ncbi.nlm.nih.gov/33440316/
MED,37762154,2023,A Novel Predictive Machine Learning Model Integrating Cytokines in Cervical-Vaginal Mucus Increases the Prediction Rate for Preterm Birth.,10.3390/ijms241813851,eng,https://pubmed.ncbi.nlm.nih.gov/37762154/
PPR,PPR722768,2023,A Novel Predictive Machine Learning Model Integrating Cytokines in Cervical-Vaginal Mucus Increases the Prediction Rate for Preterm Birth,10.20944/preprints202308.1890.v2,,https://europepmc.org/article/PPR/PPR722768
MED,31966086,2020,Application of deep learning to the classification of uterine cervical squamous epithelial lesion from colposcopy images combined with HPV types.,10.3892/ol.2019.11214,eng,https://pubmed.ncbi.nlm.nih.gov/31966086/
MED,32356305,2020,A demonstration of automated visual evaluation of cervical images taken with a smartphone camera.,10.1002/ijc.33029,eng,https://pubmed.ncbi.nlm.nih.gov/32356305/
MED,33729503,2021,Point-of-Care Digital Cytology With Artificial Intelligence for Cervical Cancer Screening in a Resource-Limited Setting.,10.1001/jamanetworkopen.2021.1740,eng,https://pubmed.ncbi.nlm.nih.gov/33729503/
MED,34936374,2021,Accuracy of Smartphone Images of the Cervix After Acetic Acid Application for Diagnosing Cervical Intraepithelial Neoplasia Grade 2 or Greater in Women With Positive Cervical Screening: A Systematic Review and Meta-Analysis.,10.1200/go.21.00168,eng,https://pubmed.ncbi.nlm.nih.gov/34936374/
MED,36894572,2023,A CAD system for automatic dysplasia grading on H&E cervical whole-slide images.,10.1038/s41598-023-30497-z,eng,https://pubmed.ncbi.nlm.nih.gov/36894572/
MED,36969799,2023,Deep convolutional neural networks using an active learning strategy for cervical cancer screening and diagnosis.,10.3389/fbinf.2023.1101667,eng,https://pubmed.ncbi.nlm.nih.gov/36969799/
MED,37685299,2023,A New Weighted Deep Learning Feature Using Particle Swarm and Ant Lion Optimization for Cervical Cancer Diagnosis on Pap Smear Images.,10.3390/diagnostics13172762,eng,https://pubmed.ncbi.nlm.nih.gov/37685299/
MED,35840949,2022,Investigating feasibility of 2021 WHO protocol for cervical cancer screening in underscreened populations: PREvention and SCReening Innovation Project Toward Elimination of Cervical Cancer (PRESCRIP-TEC).,10.1186/s12889-022-13488-z,eng,https://pubmed.ncbi.nlm.nih.gov/35840949/
MED,38694035,2024,CerviLearnNet: Advancing cervical cancer diagnosis with reinforcement learning-enhanced convolutional networks.,10.1016/j.heliyon.2024.e29913,eng,https://pubmed.ncbi.nlm.nih.gov/38694035/
MED,40657258,2025,AI-Y: An AI Checklist for Population Ethics Across the Global Context.,10.1007/s40471-025-00362-w,eng,https://pubmed.ncbi.nlm.nih.gov/40657258/
MED,34032861,2021,Applying Artificial Intelligence to Gynecologic Oncology: A Review.,10.1097/ogx.0000000000000902,eng,https://pubmed.ncbi.nlm.nih.gov/34032861/
MED,35359358,2022,Artificial Intelligence in Cervical Cancer Screening and Diagnosis.,10.3389/fonc.2022.851367,eng,https://pubmed.ncbi.nlm.nih.gov/35359358/
MED,32469840,2020,Natural Language Processing for Surveillance of Cervical and Anal Cancer and Precancer: Algorithm Development and Split-Validation Study.,10.2196/20826,eng,https://pubmed.ncbi.nlm.nih.gov/32469840/
MED,36899979,2023,Artificial Intelligence-Based Cervical Cancer Screening on Images Taken during Visual Inspection with Acetic Acid: A Systematic Review.,10.3390/diagnostics13050836,eng,https://pubmed.ncbi.nlm.nih.gov/36899979/
MED,37060468,2023,Molecular mechanisms augmenting resistance to current therapies in clinics among cervical cancer patients.,10.1007/s12032-023-01997-9,eng,https://pubmed.ncbi.nlm.nih.gov/37060468/
MED,38058644,2023,CerviCell-detector: An object detection approach for identifying the cancerous cells in pap smear images of cervical cancer.,10.1016/j.heliyon.2023.e22324,eng,https://pubmed.ncbi.nlm.nih.gov/38058644/
MED,35776841,2022,Identification of women with high grade histopathology results after conisation by artificial neural networks.,10.2478/raon-2022-0023,eng,https://pubmed.ncbi.nlm.nih.gov/35776841/
AGR,IND608571077,2023,CerviCell-detector: An object detection approach for identifying the cancerous cells in pap smear images of cervical cancer,,eng,https://europepmc.org/article/AGR/IND608571077
MED,33072179,2020,"Designing low-cost, accurate cervical screening strategies that take into account COVID-19: a role for self-sampled HPV typing2.",10.1186/s13027-020-00325-4,eng,https://pubmed.ncbi.nlm.nih.gov/33072179/
MED,35242711,2022,"Optimization of Cervical Cancer Screening: A Stacking-Integrated Machine Learning Algorithm Based on Demographic, Behavioral, and Clinical Factors.",10.3389/fonc.2022.821453,eng,https://pubmed.ncbi.nlm.nih.gov/35242711/
MED,35342956,2022,Cervical optical coherence tomography image classification based on contrastive self-supervised texture learning.,10.1002/mp.15630,eng,https://pubmed.ncbi.nlm.nih.gov/35342956/
MED,35421793,2022,LFANet: Lightweight feature attention network for abnormal cell segmentation in cervical cytology images.,10.1016/j.compbiomed.2022.105500,eng,https://pubmed.ncbi.nlm.nih.gov/35421793/
MED,34178558,2021,Deep Metric Learning for Cervical Image Classification.,10.1109/access.2021.3069346,eng,https://pubmed.ncbi.nlm.nih.gov/34178558/
MED,35529321,2022,Analysis of digital noise and reduction methods on classifiers used in automated visual evaluation in cervical cancer screening.,10.1117/12.2610235,eng,https://pubmed.ncbi.nlm.nih.gov/35529321/
MED,33526806,2021,Quantitative analysis of abnormalities in gynecologic cytopathology with deep learning.,10.1038/s41374-021-00537-1,eng,https://pubmed.ncbi.nlm.nih.gov/33526806/
MED,36925850,2022,Assessment of the implementation context in preparation for a clinical study of machine-learning algorithms to automate the classification of digital cervical images for cervical cancer screening in resource-constrained settings.,10.3389/frhs.2022.1000150,eng,https://pubmed.ncbi.nlm.nih.gov/36925850/
MED,31511337,2019,Machine Learning Interpretation of Extended Human Papillomavirus Genotyping by Onclarity in an Asian Cervical Cancer Screening Population.,10.1128/jcm.00997-19,eng,https://pubmed.ncbi.nlm.nih.gov/31511337/
MED,34447606,2021,Automated Cervical Digitized Histology Whole-Slide Image Analysis Toolbox.,10.4103/jpi.jpi_52_20,eng,https://pubmed.ncbi.nlm.nih.gov/34447606/
MED,40128045,2025,Mapping intellectual structure and research hotspots of cancer studies in primary health care: A machine-learning-based analysis.,10.1097/md.0000000000041749,eng,https://pubmed.ncbi.nlm.nih.gov/40128045/
MED,34735942,2021,Machine learning-based statistical analysis for early stage detection of cervical cancer.,10.1016/j.compbiomed.2021.104985,eng,https://pubmed.ncbi.nlm.nih.gov/34735942/
MED,36083935,2022,Classification of Pap-smear cell images using deep convolutional neural network accelerated by hand-crafted features.,10.1109/embc48229.2022.9871171,eng,https://pubmed.ncbi.nlm.nih.gov/36083935/
MED,35870877,2022,3cDe-Net: a cervical cancer cell detection network based on an improved backbone network and multiscale feature fusion.,10.1186/s12880-022-00852-z,eng,https://pubmed.ncbi.nlm.nih.gov/35870877/
MED,39022282,2024,Cervical cancer segmentation based on medical images: a literature review.,10.21037/qims-24-369,eng,https://pubmed.ncbi.nlm.nih.gov/39022282/
MED,34800038,2022,"The development of ""automated visual evaluation"" for cervical cancer screening: The promise and challenges in adapting deep-learning for clinical testing: Interdisciplinary principles of automated visual evaluation in cervical screening.",10.1002/ijc.33879,eng,https://pubmed.ncbi.nlm.nih.gov/34800038/
PPR,PPR806692,2024,Profiling of Breast Cancer Prevalence and Its Diagnosis using Varied Imaging Techniques in Tanzania,10.21203/rs.3.rs-3873411/v1,,https://europepmc.org/article/PPR/PPR806692
MED,31359913,2019,Performance of A Convolutional Neural Network in Screening Liquid Based Cervical Cytology Smears.,10.4103/joc.joc_201_18,eng,https://pubmed.ncbi.nlm.nih.gov/31359913/
PPR,PPR201353,2020,Point-of-care digital cytology with artificial intelligence for cervical cancer screening at a peripheral clinic in Kenya,10.1101/2020.08.12.20172346,,https://europepmc.org/article/PPR/PPR201353
MED,34561435,2021,Robust whole slide image analysis for cervical cancer screening using deep learning.,10.1038/s41467-021-25296-x,eng,https://pubmed.ncbi.nlm.nih.gov/34561435/
MED,32736038,2020,Diagnostic spectro-cytology revealing differential recognition of cervical cancer lesions by label-free surface enhanced Raman fingerprints and chemometrics.,10.1016/j.nano.2020.102276,eng,https://pubmed.ncbi.nlm.nih.gov/32736038/
MED,35568690,2022,AI recognition of patient race in medical imaging: a modelling study.,10.1016/s2589-7500(22)00063-2,eng,https://pubmed.ncbi.nlm.nih.gov/35568690/
MED,35836975,2022,Artificial neural networks (ANNs) for modeling efficient factors in predicting pap smear screening behavior change stage.,10.37796/2211-8039.1240,eng,https://pubmed.ncbi.nlm.nih.gov/35836975/
MED,35700004,2022,The Prediction of Preterm Birth Using Time-Series Technology-Based Machine Learning: Retrospective Cohort Study.,10.2196/33835,eng,https://pubmed.ncbi.nlm.nih.gov/35700004/
MED,32159521,2020,Quantitative Screening of Cervical Cancers for Low-Resource Settings: Pilot Study of Smartphone-Based Endoscopic Visual Inspection After Acetic Acid Using Machine Learning Techniques.,10.2196/16467,eng,https://pubmed.ncbi.nlm.nih.gov/32159521/
MED,34403932,2021,A novel attention-guided convolutional network for the detection of abnormal cervical cells in cervical cancer screening.,10.1016/j.media.2021.102197,eng,https://pubmed.ncbi.nlm.nih.gov/34403932/
MED,34332347,2021,DeepCervix: A deep learning-based framework for the classification of cervical cells using hybrid deep feature fusion techniques.,10.1016/j.compbiomed.2021.104649,eng,https://pubmed.ncbi.nlm.nih.gov/34332347/
PPR,PPR192040,2020,Cervical Whole Slide Histology Image Analysis Toolbox,10.1101/2020.07.22.20160366,,https://europepmc.org/article/PPR/PPR192040
MED,27673689,2016,A Multi-Institutional Feasibility Study on the Use of Automated Screening Systems for Quality Control Rescreening of Cervical Cytology.,10.1159/000449499,eng,https://pubmed.ncbi.nlm.nih.gov/27673689/
MED,35598831,2022,Deep learning-based multimodal image analysis for cervical cancer detection.,10.1016/j.ymeth.2022.05.004,eng,https://pubmed.ncbi.nlm.nih.gov/35598831/
MED,34112790,2021,Hybrid AI-assistive diagnostic model permits rapid TBS classification of cervical liquid-based thin-layer cell smears.,10.1038/s41467-021-23913-3,eng,https://pubmed.ncbi.nlm.nih.gov/34112790/
MED,35840652,2022,Towards a data-driven system for personalized cervical cancer risk stratification.,10.1038/s41598-022-16361-6,eng,https://pubmed.ncbi.nlm.nih.gov/35840652/
PPR,PPR751337,2023,Identification of Cervical Disc Degeneration and Genes Associated with Immune Infiltration,10.21203/rs.3.rs-3506945/v1,,https://europepmc.org/article/PPR/PPR751337
MED,36400939,2022,Improving the repeatability of deep learning models with Monte Carlo dropout.,10.1038/s41746-022-00709-3,eng,https://pubmed.ncbi.nlm.nih.gov/36400939/
MED,34455119,2021,Prediction models applying machine learning to oral cavity cancer outcomes: A systematic review.,10.1016/j.ijmedinf.2021.104557,eng,https://pubmed.ncbi.nlm.nih.gov/34455119/
MED,31199278,2020,Automatic CIN Grades Prediction of Sequential Cervigram Image Using LSTM With Multistate CNN Features.,10.1109/jbhi.2019.2922682,eng,https://pubmed.ncbi.nlm.nih.gov/31199278/
MED,35004588,2021,Machine Learning Assisted Cervical Cancer Detection.,10.3389/fpubh.2021.788376,eng,https://pubmed.ncbi.nlm.nih.gov/35004588/
PPR,PPR767529,2023,Identification of Genes related to Cervical Disc Degeneration and Immune Infiltration,10.21203/rs.3.rs-3673946/v1,,https://europepmc.org/article/PPR/PPR767529
PPR,PPR308856,2021,Robust Whole Slide Image Analysis for Cervical Cancer Screening Using Deep Learning,10.21203/rs.3.rs-377187/v1,,https://europepmc.org/article/PPR/PPR308856
MED,32301535,2020,The early detection of cervical cancer. The current and changing landscape of cervical disease detection.,10.1111/cyt.12835,eng,https://pubmed.ncbi.nlm.nih.gov/32301535/
MED,34801245,2022,Is the aspect ratio of cells important in deep learning? A robust comparison of deep learning methods for multi-scale cytopathology cell image classification: From convolutional neural networks to visual transformers.,10.1016/j.compbiomed.2021.105026,eng,https://pubmed.ncbi.nlm.nih.gov/34801245/
MED,33684051,2021,Automatic Acetowhite Lesion Segmentation via Specular Reflection Removal and Deep Attention Network.,10.1109/jbhi.2021.3064366,eng,https://pubmed.ncbi.nlm.nih.gov/33684051/
MED,33106753,2020,"A rapid, high-volume cervical screening project using self-sampling and isothermal PCR HPV testing.",10.1186/s13027-020-00329-0,eng,https://pubmed.ncbi.nlm.nih.gov/33106753/
MED,34814053,2022,Cervical cell multi-classification algorithm using global context information and attention mechanism.,10.1016/j.tice.2021.101677,eng,https://pubmed.ncbi.nlm.nih.gov/34814053/
MED,27696414,2017,Proof-of-principle study of a novel cervical screening and triage strategy: Computer-analyzed cytology to decide which HPV-positive women are likely to have ≥CIN2.,10.1002/ijc.30456,eng,https://pubmed.ncbi.nlm.nih.gov/27696414/
MED,39162393,2024,Machine learning analysis of oxidative stress-related phenotypes for specific gene screening in ovarian cancer.,10.1002/tox.24321,eng,https://pubmed.ncbi.nlm.nih.gov/39162393/
MED,35735983,2022,Deep Sequencing of HPV16 E6 Region Reveals Unique Mutation Pattern of HPV16 and Predicts Cervical Cancer.,10.1128/spectrum.01401-22,eng,https://pubmed.ncbi.nlm.nih.gov/35735983/
MED,34459743,2021,Patient-Level Cancer Prediction Models From a Nationwide Patient Cohort: Model Development and Validation.,10.2196/29807,eng,https://pubmed.ncbi.nlm.nih.gov/34459743/
MED,33162650,2020,Performance characteristics of an artificial intelligence based on convolutional neural network for screening conventional Papanicolaou-stained cervical smears.,10.1016/j.mjafi.2019.08.001,eng,https://pubmed.ncbi.nlm.nih.gov/33162650/
MED,35207002,2022,Smartphone-Based Visual Inspection with Acetic Acid: An Innovative Tool to Improve Cervical Cancer Screening in Low-Resource Setting.,10.3390/healthcare10020391,eng,https://pubmed.ncbi.nlm.nih.gov/35207002/
MED,32746984,2020,A comprehensive study on the multi-class cervical cancer diagnostic prediction on pap smear images using a fusion-based decision from ensemble deep convolutional neural network.,10.1016/j.tice.2020.101347,eng,https://pubmed.ncbi.nlm.nih.gov/32746984/
MED,35821886,2022,"Application and Clinical Value of Machine Learning-Based Cervical Cancer Diagnosis and Prediction Model in Adjuvant Chemotherapy for Cervical Cancer: A Single-Center, Controlled, Non-Arbitrary Size Case-Control Study.",10.1155/2022/2432291,eng,https://pubmed.ncbi.nlm.nih.gov/35821886/
MED,33999853,2021,Multimodal hyperspectroscopy – the use of digital technology in cervical cancer screening,10.1556/650.2021.32096,hun,https://pubmed.ncbi.nlm.nih.gov/33999853/
MED,32406830,2020,Computer-Aided Cervical Cancer Diagnosis Using Time-Lapsed Colposcopic Images.,10.1109/tmi.2020.2994778,eng,https://pubmed.ncbi.nlm.nih.gov/32406830/
PPR,PPR785205,2024,Blood-based screening for HPV-associated cancers,10.1101/2024.01.04.24300841,,https://europepmc.org/article/PPR/PPR785205
MED,35885852,2022,Cervical Cancer Prophylaxis-State-of-the-Art and Perspectives.,10.3390/healthcare10071325,eng,https://pubmed.ncbi.nlm.nih.gov/35885852/
MED,31791846,2020,"Cervical Cancer Screening: Past, Present, and Future.",10.1016/j.sxmr.2019.09.005,eng,https://pubmed.ncbi.nlm.nih.gov/31791846/
MED,31747374,2020,GPU-enabled design of an adaptable pattern recognition system for discriminating squamous intraepithelial lesions of the cervix.,10.1515/bmt-2019-0040,eng,https://pubmed.ncbi.nlm.nih.gov/31747374/
MED,36929645,2023,Cerebrospinal fluid and serum proteomic profiles accurately distinguish neuroaxonal dystrophy from cervical vertebral compressive myelopathy in horses.,10.1111/jvim.16660,eng,https://pubmed.ncbi.nlm.nih.gov/36929645/
MED,36104535,2022,Moving towards vertically integrated artificial intelligence development.,10.1038/s41746-022-00690-x,eng,https://pubmed.ncbi.nlm.nih.gov/36104535/
MED,34267261,2021,A fuzzy rank-based ensemble of CNN models for classification of cervical cytology.,10.1038/s41598-021-93783-8,eng,https://pubmed.ncbi.nlm.nih.gov/34267261/
MED,35672816,2022,"Improving intervention design to promote cervical cancer screening among hard-to-reach women: assessing beliefs and predicting individual attendance probabilities in Bogotá, Colombia.",10.1186/s12905-022-01800-3,eng,https://pubmed.ncbi.nlm.nih.gov/35672816/
MED,36030924,2023,Utilizing machine learning for opportunistic screening for low BMD using CT scans of the cervical spine.,10.1016/j.neurad.2022.08.001,eng,https://pubmed.ncbi.nlm.nih.gov/36030924/
MED,35253286,2022,Low-dose computed tomography lung cancer screening: Clinical evidence and implementation research.,10.1111/joim.13480,eng,https://pubmed.ncbi.nlm.nih.gov/35253286/
MED,35069951,2021,Cervical Cancer Prognosis and Diagnosis Using Electrical Impedance Spectroscopy.,10.2478/joeb-2021-0018,eng,https://pubmed.ncbi.nlm.nih.gov/35069951/
MED,21146458,2011,Automation-assisted versus manual reading of cervical cytology (MAVARIC): a randomised controlled trial.,10.1016/s1470-2045(10)70264-3,eng,https://pubmed.ncbi.nlm.nih.gov/21146458/
MED,35018714,2022,Real-time assessment of swallowing sound using an electronic stethoscope and an artificial intelligence system.,10.1002/cre2.531,eng,https://pubmed.ncbi.nlm.nih.gov/35018714/
MED,34415842,2022,Improving Non-Invasive Aspiration Detection With Auxiliary Classifier Wasserstein Generative Adversarial Networks.,10.1109/jbhi.2021.3106565,eng,https://pubmed.ncbi.nlm.nih.gov/34415842/
MED,21266159,2011,MAVARIC - a comparison of automation-assisted and manual cervical screening: a randomised controlled trial.,10.3310/hta15030,eng,https://pubmed.ncbi.nlm.nih.gov/21266159/
MED,34891709,2021,A Partial Label-Based Machine Learning Approach For Cervical Whole-Slide Image Classification: The Winning TissueNet Solution.,10.1109/embc46164.2021.9631009,eng,https://pubmed.ncbi.nlm.nih.gov/34891709/
MED,34428093,2021,Characterizing Swallows From People With Neurodegenerative Diseases Using High-Resolution Cervical Auscultation Signals and Temporal and Spatial Swallow Kinematic Measurements.,10.1044/2021_jslhr-21-00134,eng,https://pubmed.ncbi.nlm.nih.gov/34428093/
MED,30605087,2019,Computer-Aided Diagnosis of Label-Free 3-D Optical Coherence Microscopy Images of Human Cervical Tissue.,10.1109/tbme.2018.2890167,eng,https://pubmed.ncbi.nlm.nih.gov/30605087/
MED,35475253,2022,End-to-end computational approach to the design of RNA biosensors for detecting miRNA biomarkers of cervical cancer.,10.1016/j.synbio.2022.03.008,eng,https://pubmed.ncbi.nlm.nih.gov/35475253/
MED,35724286,2022,Severity Assessment of Cervical Spondylotic Myelopathy Based on Intelligent Video Analysis.,10.1109/jbhi.2022.3184870,eng,https://pubmed.ncbi.nlm.nih.gov/35724286/
MED,33130497,2021,Cervical cell classification with graph convolutional network.,10.1016/j.cmpb.2020.105807,eng,https://pubmed.ncbi.nlm.nih.gov/33130497/
MED,33588122,2021,Dual-path network with synergistic grouping loss and evidence driven risk stratification for whole slide cervical image analysis.,10.1016/j.media.2021.101955,eng,https://pubmed.ncbi.nlm.nih.gov/33588122/
MED,31102403,2019,Risk stratification of cervical lesions using capture sequencing and machine learning method based on HPV and human integrated genomic profiles.,10.1093/carcin/bgz094,eng,https://pubmed.ncbi.nlm.nih.gov/31102403/
MED,26174002,2015,Morphologic analysis of false negative SurePath® slides using Focalpoint™ GS computer-assisted cervical screening technology: An Australian experience.,10.1002/dc.23314,eng,https://pubmed.ncbi.nlm.nih.gov/26174002/
MED,31947460,2019,Automated Pap Smear Cervical Cancer Screening Using Deep Learning.,10.1109/embc.2019.8856369,eng,https://pubmed.ncbi.nlm.nih.gov/31947460/
MED,32413043,2020,Preoperative risk stratification in endometrial cancer (ENDORISK) by a Bayesian network model: A development and validation study.,10.1371/journal.pmed.1003111,eng,https://pubmed.ncbi.nlm.nih.gov/32413043/
MED,33816808,2018,Supervised deep learning embeddings for the prediction of cervical cancer diagnosis.,10.7717/peerj-cs.154,eng,https://pubmed.ncbi.nlm.nih.gov/33816808/
MED,31798334,2019,"An evaluation of the construction of the device along with the software for digital archiving, sending the data, and supporting the diagnosis of cervical cancer.",10.5114/wo.2019.85617,eng,https://pubmed.ncbi.nlm.nih.gov/31798334/
MED,31879529,2019,Point-of-care cervical cancer screening using deep learning-based microholography.,10.7150/thno.37187,eng,https://pubmed.ncbi.nlm.nih.gov/31879529/
MED,22677508,2012,Anal human papillomavirus DNA in women at a colposcopy clinic.,10.1016/j.ejogrb.2012.05.014,eng,https://pubmed.ncbi.nlm.nih.gov/22677508/
MED,30921788,2019,CytoProcessorTM: A New Cervical Cancer Screening System for Remote Diagnosis.,10.1159/000497111,eng,https://pubmed.ncbi.nlm.nih.gov/30921788/
MED,28541229,2017,DeepPap: Deep Convolutional Networks for Cervical Cell Classification.,10.1109/jbhi.2017.2705583,eng,https://pubmed.ncbi.nlm.nih.gov/28541229/
MED,32828445,2020,A shape context fully convolutional neural network for segmentation and classification of cervical nuclei in Pap smear images.,10.1016/j.artmed.2020.101897,eng,https://pubmed.ncbi.nlm.nih.gov/32828445/
MED,29312619,2017,Systematic assessment of cervical cancer initiation and progression uncovers genetic panels for deep learning-based early diagnosis and proposes novel diagnostic and prognostic biomarkers.,10.18632/oncotarget.22689,eng,https://pubmed.ncbi.nlm.nih.gov/29312619/
MED,35789774,2022,"Tumor DNA Methylation Profiles Enable Diagnosis, Prognosis Prediction, and Screening for Cervical Cancer.",10.2147/ijgm.s352373,eng,https://pubmed.ncbi.nlm.nih.gov/35789774/
MED,32955619,2021,How Closely do Machine Ratings of Duration of UES Opening During Videofluoroscopy Approximate Clinician Ratings Using Temporal Kinematic Analyses and the MBSImP?,10.1007/s00455-020-10191-2,eng,https://pubmed.ncbi.nlm.nih.gov/32955619/
MED,21325801,2011,Switching from neural networks (PAPNET) to the Imager (Hologic) for computer-assisted screening.,10.1159/000323310,eng,https://pubmed.ncbi.nlm.nih.gov/21325801/
MED,34814624,2021,[The risk prediction models for occurrence of cervical cancer: a systematic review].,10.3760/cma.j.cn112338-20200806-01031,chi,https://pubmed.ncbi.nlm.nih.gov/34814624/
MED,28222324,2017,Graph-based segmentation of abnormal nuclei in cervical cytology.,10.1016/j.compmedimag.2017.01.002,eng,https://pubmed.ncbi.nlm.nih.gov/28222324/
MED,33816998,2021,Cervical cancer detection in pap smear whole slide images using convNet with transfer learning and progressive resizing.,10.7717/peerj-cs.348,eng,https://pubmed.ncbi.nlm.nih.gov/33816998/
MED,32750928,2021,Upper Esophageal Sphincter Opening Segmentation With Convolutional Recurrent Neural Networks in High Resolution Cervical Auscultation.,10.1109/jbhi.2020.3000057,eng,https://pubmed.ncbi.nlm.nih.gov/32750928/
MED,22038134,2011,[Computer-assisted diagnostics in cervical cytology].,10.1007/s00292-011-1477-4,ger,https://pubmed.ncbi.nlm.nih.gov/22038134/
MED,25591792,2015,Cervicovaginal cytology in patients undergoing pelvic radiotherapy using the Focalpoint system: results from the RODEO study.,10.1186/s13000-014-0231-7,eng,https://pubmed.ncbi.nlm.nih.gov/25591792/
MED,32650655,2020,High-Resolution Cervical Auscultation and Data Science: New Tools to Address an Old Problem.,10.1044/2020_ajslp-19-00155,eng,https://pubmed.ncbi.nlm.nih.gov/32650655/
MED,30583685,2018,Automatic Approach for Cervical Cancer Detection and Segmentation Using Neural Network Classifier,10.31557/apjcp.2018.19.12.3571,eng,https://pubmed.ncbi.nlm.nih.gov/30583685/
MED,24376056,2014,Automation-assisted cervical cancer screening in manual liquid-based cytology with hematoxylin and eosin staining.,10.1002/cyto.a.22407,eng,https://pubmed.ncbi.nlm.nih.gov/24376056/
MED,19846820,2009,The Becton Dickinson FocalPoint GS Imaging System: clinical trials demonstrate significantly improved sensitivity for the detection of important cervical lesions.,10.1309/ajcp8ve7awbzcvqt,eng,https://pubmed.ncbi.nlm.nih.gov/19846820/
MED,20848590,2011,Cervical cancer patterns with automation-assisted and conventional cytological screening: a randomized study.,10.1002/ijc.25677,eng,https://pubmed.ncbi.nlm.nih.gov/20848590/
MED,34963825,2022,A Preliminary Investigation of Similarities of High Resolution Cervical Auscultation Signals Between Thin Liquid Barium and Water Swallows.,10.1109/jtehm.2021.3134926,eng,https://pubmed.ncbi.nlm.nih.gov/34963825/
MED,32790674,2020,"Time-series cardiovascular risk factors and receipt of screening for breast, cervical, and colon cancer: The Guideline Advantage.",10.1371/journal.pone.0236836,eng,https://pubmed.ncbi.nlm.nih.gov/32790674/
MED,30195423,2018,A review of image analysis and machine learning techniques for automated cervical cancer screening from pap-smear images.,10.1016/j.cmpb.2018.05.034,eng,https://pubmed.ncbi.nlm.nih.gov/30195423/
MED,21632286,2011,"Cytology, liquid-based cytology and automation.",10.1016/j.bpobgyn.2011.04.006,eng,https://pubmed.ncbi.nlm.nih.gov/21632286/
PPR,PPR367994,2021,End-to-end computational approach to the design of RNA biosensors for miRNA biomarkers of cervical cancer,10.1101/2021.07.09.451282,,https://europepmc.org/article/PPR/PPR367994
MED,23093840,2012,Identification of women for referral to colposcopy by neural networks: a preliminary study based on LBC and molecular biomarkers.,10.1155/2012/303192,eng,https://pubmed.ncbi.nlm.nih.gov/23093840/
MED,24646890,2014,Segmentation of cytoplasm and nuclei of abnormal cells in cervical cytology using global and local graph cuts.,10.1016/j.compmedimag.2014.02.001,eng,https://pubmed.ncbi.nlm.nih.gov/24646890/
MED,33100445,2021,Estimation of laryngeal closure duration during swallowing without invasive X-rays.,10.1016/j.future.2020.09.040,eng,https://pubmed.ncbi.nlm.nih.gov/33100445/
MED,23525612,2013,Assessment of manual workload limits in gynecologic cytology: reconciling data from 3 major prospective trials of automated screening devices.,10.1309/ajcp23ydfkkqnuao,eng,https://pubmed.ncbi.nlm.nih.gov/23525612/
MED,29057290,2017,Feature analysis of cell nuclear chromatin distribution in support of cervical cytology.,10.1117/1.jmi.4.4.047501,eng,https://pubmed.ncbi.nlm.nih.gov/29057290/
MED,32326267,2020,Classifying Dysphagic Swallowing Sounds with Support Vector Machines.,10.3390/healthcare8020103,eng,https://pubmed.ncbi.nlm.nih.gov/32326267/
MED,33059555,2020,Thermal Imaging Techniques for Breast Screening - A Survey.,10.2174/1573405615666191115145038,eng,https://pubmed.ncbi.nlm.nih.gov/33059555/
MED,34869316,2021,Fanconi Anemia Pathway Genes Advance Cervical Cancer <i>via</i> Immune Regulation and Cell Adhesion.,10.3389/fcell.2021.734794,eng,https://pubmed.ncbi.nlm.nih.gov/34869316/
MED,32863926,2020,Artificial classification of cervical squamous lesions in ThinPrep cytologic tests using a deep convolutional neural network.,10.3892/ol.2020.11974,eng,https://pubmed.ncbi.nlm.nih.gov/32863926/
MED,22045553,2012,Results of an Australian trial using SurePath liquid-based cervical cytology with FocalPoint computer-assisted screening technology.,10.1002/dc.21848,eng,https://pubmed.ncbi.nlm.nih.gov/22045553/
MED,23690881,2013,"Development of an expert system as a diagnostic support of cervical cancer in atypical glandular cells, based on fuzzy logics and image interpretation.",10.1155/2013/796387,eng,https://pubmed.ncbi.nlm.nih.gov/23690881/
MED,12471627,2003,Prospective and randomised public-health trial on neural network-assisted screening for cervical cancer in Finland: results of the first year.,10.1002/ijc.10839,eng,https://pubmed.ncbi.nlm.nih.gov/12471627/
MED,12811852,2003,A feasibility study of the use of the AutoPap screening system as a primary screening and location-guided rescreening device.,10.1002/cncr.11077,eng,https://pubmed.ncbi.nlm.nih.gov/12811852/
MED,32576905,2020,Evaluation of deep convolutional neural networks for automatic classification of common maternal fetal ultrasound planes.,10.1038/s41598-020-67076-5,eng,https://pubmed.ncbi.nlm.nih.gov/32576905/
MED,15270934,2004,Comparison of HPV test versus conventional and automation-assisted Pap screening as potential screening tools for preventing cervical cancer.,10.1111/j.1471-0528.2004.00210.x,eng,https://pubmed.ncbi.nlm.nih.gov/15270934/
MED,12071481,2002,The primary screening clinical trials of the TriPath AutoPap System.,10.1097/00001648-200205001-00007,eng,https://pubmed.ncbi.nlm.nih.gov/12071481/
MED,11753179,2001,Technologic advances for evaluation of cervical cytology: is newer better?,10.1097/00006254-200112000-00003,eng,https://pubmed.ncbi.nlm.nih.gov/11753179/
MED,17362568,2007,"Randomized evaluation trial on automation-assisted screening for cervical cancer: results after 777,000 invitations.",10.1258/096914107780154468,eng,https://pubmed.ncbi.nlm.nih.gov/17362568/
MED,34384572,2019,Bayesian multitask learning regression for heterogeneous patient cohorts.,10.1016/j.yjbinx.2019.100059,eng,https://pubmed.ncbi.nlm.nih.gov/34384572/
MED,22351303,2013,Focused rescreening of NILM Pap slides from women ≥ 30 years of age with positive high risk HPV DNA: an enhanced quality control measure.,10.1002/dc.22829,eng,https://pubmed.ncbi.nlm.nih.gov/22351303/
MED,17042938,2006,Alternative technologies in cervical cancer screening: a randomised evaluation trial.,10.1186/1471-2458-6-252,eng,https://pubmed.ncbi.nlm.nih.gov/17042938/
MED,10574595,1999,The diagnostic value of computer-assisted primary cervical smear screening: a longitudinal cohort study.,,eng,https://pubmed.ncbi.nlm.nih.gov/10574595/
MED,17051065,2003,Right-sided ectocervical lesions may be associated with false-negative cytology among women with histologic cervical intraepithelial neoplasia 2 or 3.,10.1097/00128360-200307000-00004,eng,https://pubmed.ncbi.nlm.nih.gov/17051065/
MED,16255628,2005,Liquid-based cytology for cervical cancer screening.,10.1586/14737159.5.6.857,eng,https://pubmed.ncbi.nlm.nih.gov/16255628/
MED,24975995,2015,"Sensitivity, effect and overdiagnosis in screening for cancers with detectable pre-invasive phase.",10.1002/ijc.29053,eng,https://pubmed.ncbi.nlm.nih.gov/24975995/
MED,15774236,2005,"Cervical screening programmes: can automation help? Evidence from systematic reviews, an economic analysis and a simulation modelling exercise applied to the UK.",10.3310/hta9130,eng,https://pubmed.ncbi.nlm.nih.gov/15774236/
MED,33515764,2021,Detection of breast cancer of various clinical stages based on serum FT-IR spectroscopy combined with multiple algorithms.,10.1016/j.pdpdt.2021.102199,eng,https://pubmed.ncbi.nlm.nih.gov/33515764/
MED,8960040,1996,Cost-effectiveness of rescreening conventionally prepared cervical smears by PAPNET testing.,10.1159/000334021,eng,https://pubmed.ncbi.nlm.nih.gov/8960040/
MED,11953085,2002,[Systematic evaluation of the new screen methods of cervical intraepithelial neoplasm].,,chi,https://pubmed.ncbi.nlm.nih.gov/11953085/
MED,9438459,1997,The AutoPap 300 QC System multicenter clinical trials for use in quality control rescreening of cervical smears: II. Prospective and archival sensitivity studies.,10.1002/(sici)1097-0142(19971225)81:6<343::aid-cncr8>3.0.co;2-m,eng,https://pubmed.ncbi.nlm.nih.gov/9438459/
MED,23139174,2012,[Health technology assessment report: Computer-assisted Pap test for cervical cancer screening].,,ita,https://pubmed.ncbi.nlm.nih.gov/23139174/
MED,15282720,2004,Effectiveness of AutoPap system location-guided screening in the evaluation of cervical cytology smears.,10.1002/dc.20081,eng,https://pubmed.ncbi.nlm.nih.gov/15282720/
MED,8885796,1996,Reducing false negatives in clinical practice: the role of neural network technology.,10.1016/s0002-9378(96)70014-5,eng,https://pubmed.ncbi.nlm.nih.gov/8885796/
MED,9479343,1998,"The AutoPap system for primary screening in cervical cytology. Comparing the results of a prospective, intended-use study with routine manual practice.",10.1159/000331549,eng,https://pubmed.ncbi.nlm.nih.gov/9479343/
MED,9022729,1997,Negative cervical smears before CIN 3/carcinoma. Reevaluation with the PAPNET Testing System.,10.1159/000332308,eng,https://pubmed.ncbi.nlm.nih.gov/9022729/
MED,15688388,2005,"A randomised public-health trial on automation-assisted screening for cervical cancer in Finland: performance with 470,000 invitations.",10.1002/ijc.20902,eng,https://pubmed.ncbi.nlm.nih.gov/15688388/
MED,10527485,1999,AutoPap system detection of infections and benign cellular changes: results from primary screener clinical trials.,10.1002/(sici)1097-0339(199911)21:5<355::aid-dc12>3.0.co;2-e,eng,https://pubmed.ncbi.nlm.nih.gov/10527485/
MED,11391826,2001,Neural network-based screening (NNS) in cervical cytology: no need for the light microscope?,10.1002/dc.1093,eng,https://pubmed.ncbi.nlm.nih.gov/11391826/
MED,14595791,2003,Correlation of manual screening and automated (AutoPap 300) analysis of conventional cervicovaginal smears with HPV typing using Digene HC II assay.,10.1002/dc.10382,eng,https://pubmed.ncbi.nlm.nih.gov/14595791/
MED,9731867,1998,Cervical screening adjuncts: recent advances.,10.1016/s0002-9378(98)70393-x,eng,https://pubmed.ncbi.nlm.nih.gov/9731867/
MED,15019013,2004,A randomized crossover trial of PAPNET for primary cervical screening.,10.1016/s0895-4356(03)00259-2,eng,https://pubmed.ncbi.nlm.nih.gov/15019013/
MED,12219782,2002,Location-guided screening of liquid-based cervical cytology specimens: a potential improvement in accuracy and productivity is demonstrated in a preclinical feasibility trial.,10.1309/7lrf-du8q-8h1w-n7t4,eng,https://pubmed.ncbi.nlm.nih.gov/12219782/
MED,14755762,2004,FocalPoint slide classification algorithms show robust performance in classification of high-grade lesions on SurePath liquid-based cervical cytology slides.,10.1002/dc.10358,eng,https://pubmed.ncbi.nlm.nih.gov/14755762/
MED,10455204,1999,Observer variation in cytologic grading for cervical dysplasia of Papanicolaou smears with the PAPNET testing system.,10.1002/(sici)1097-0142(19990825)87:4<178::aid-cncr3>3.0.co;2-1,eng,https://pubmed.ncbi.nlm.nih.gov/10455204/
MED,9022732,1997,"Simulation of primary cervical cancer screening by the PAPNET system in an unscreened, high-risk community.",10.1159/000332311,eng,https://pubmed.ncbi.nlm.nih.gov/9022732/
MED,9438458,1997,The AutoPap 300 QC System multicenter clinical trials for use in quality control rescreening of cervical smears: I. A prospective intended use study.,10.1002/(sici)1097-0142(19971225)81:6<337::aid-cncr7>3.0.co;2-i,eng,https://pubmed.ncbi.nlm.nih.gov/9438458/
MED,9343327,1997,Significant reduction in the rate of false-negative cervical smears with neural network-based technology (PAPNET Testing System).,10.1016/s0046-8177(97)90258-6,eng,https://pubmed.ncbi.nlm.nih.gov/9343327/
MED,9479348,1998,PAPNET testing for HSILs. The few cell/small cell challenge.,10.1159/000331554,eng,https://pubmed.ncbi.nlm.nih.gov/9479348/
MED,10603189,1999,Detection of high grade squamous intraepithelial lesions and tumors using the AutoPap System: results of a primary screening clinical trial.,10.1002/(sici)1097-0142(19991225)87:6<354::aid-cncr6>3.0.co;2-f,eng,https://pubmed.ncbi.nlm.nih.gov/10603189/
MED,7937724,1994,PAPNET analysis of reportedly negative smears preceding the diagnosis of a high-grade squamous intraepithelial lesion or carcinoma.,,eng,https://pubmed.ncbi.nlm.nih.gov/7937724/
MED,11391604,2001,Less medical intervention after sharp demarcation of Grade 1-2 cervical intraepithelial neoplasia smears by neural network screening.,10.1002/cncr.9026,eng,https://pubmed.ncbi.nlm.nih.gov/11391604/
MED,9929088,1999,Cost-effectiveness of 3 methods to enhance the sensitivity of Papanicolaou testing.,10.1001/jama.281.4.347,eng,https://pubmed.ncbi.nlm.nih.gov/9929088/
MED,11002764,2000,PCR based high risk HPV testing is superior to neural network based screening for predicting incident CIN III in women with normal cytology and borderline changes.,10.1136/jcp.53.8.606,eng,https://pubmed.ncbi.nlm.nih.gov/11002764/
MED,9126136,1997,Cervical specimens collected in liquid buffer are suitable for both cytologic screening and ancillary human papillomavirus testing.,10.1002/(sici)1097-0142(19970425)81:2<89::aid-cncr2>3.0.co;2-9,eng,https://pubmed.ncbi.nlm.nih.gov/9126136/
MED,10838303,1998,"Neural network-assisted (""NNA"") analysis of cervical smears: pooled effectiveness results and economic analysis.",10.1016/s1068-607x(98)00058-4,eng,https://pubmed.ncbi.nlm.nih.gov/10838303/
MED,9784992,1998,Accuracy comparison between PAPNET diagnoses and conventional diagnoses in an Italian cervical cytology laboratory.,10.1002/(sici)1097-0339(199810)19:4<279::aid-dc10>3.0.co;2-k,eng,https://pubmed.ncbi.nlm.nih.gov/9784992/
MED,10227217,1999,Assessment of automated primary screening on PAPNET of cervical smears in the PRISMATIC trial. PRISMATIC Project Management Team.,,eng,https://pubmed.ncbi.nlm.nih.gov/10227217/
MED,9932072,1999,Costs and outcomes of PAPNET secondary screening technology for cervical cytologic evaluation. A community hospital's experience.,10.1001/archfami.8.1.52,eng,https://pubmed.ncbi.nlm.nih.gov/9932072/
MED,28321787,2017,A mathematical theory of shape and neuro-fuzzy methodology-based diagnostic analysis: a comparative study on early detection and treatment planning of brain cancer.,10.1007/s10147-017-1110-5,eng,https://pubmed.ncbi.nlm.nih.gov/28321787/
MED,12672092,2003,Clinical and diagnostic significance of blood in cervical smears.,10.1002/dc.10262,eng,https://pubmed.ncbi.nlm.nih.gov/12672092/
MED,9195573,1997,"Evaluation of PAPNET testing as an ancillary tool to clarify the status of the ""atypical"" cervical smear.",,eng,https://pubmed.ncbi.nlm.nih.gov/9195573/
MED,9022731,1997,Consistency of a double PAPNET scan of cervical smears.,10.1159/000332310,eng,https://pubmed.ncbi.nlm.nih.gov/9022731/
MED,10162496,1996,The ultimate goal? It depends.,,eng,https://pubmed.ncbi.nlm.nih.gov/10162496/
MED,10740599,2000,Quality control of cervical cytology in high-risk women. PAPNET system compared with manual rescreening.,10.1159/000326353,eng,https://pubmed.ncbi.nlm.nih.gov/10740599/
MED,10394546,1999,Economic impact of automated primary screening for cervical cancer.,,eng,https://pubmed.ncbi.nlm.nih.gov/10394546/
MED,9987446,1999,Performance of the AutoPap primary screening system at Jefferson University Hospital.,10.1159/000330864,eng,https://pubmed.ncbi.nlm.nih.gov/9987446/
MED,9022726,1997,Enhancing the performance of the AutoPap 300 QC system with optimal staining and presentation of cervical smears.,10.1159/000332305,eng,https://pubmed.ncbi.nlm.nih.gov/9022726/
MED,10588351,1999,Potentially difficult smears of women with squamous cell carcinoma pose fewer problems when PAPNET is used for primary screening.,10.1046/j.1365-2303.1999.00194.x,eng,https://pubmed.ncbi.nlm.nih.gov/10588351/
MED,9479345,1998,Neural-network-assisted analysis and microscopic rescreening in presumed negative cervical cytologic smears. A comparison.,10.1159/000331551,eng,https://pubmed.ncbi.nlm.nih.gov/9479345/
MED,9022733,1997,"Clinical validation of interactive cytologic screening. Automating the search, not the interpretation.",10.1159/000332312,eng,https://pubmed.ncbi.nlm.nih.gov/9022733/
MED,10665908,2000,Cytological recognition of invasive squamous cancer of the uterine cervix: comparison of conventional light-microscopical screening and neural network-based screening.,10.1016/s0046-8177(00)80193-8,eng,https://pubmed.ncbi.nlm.nih.gov/10665908/
MED,10086244,1999,Improved quality-control detection of false-negative Pap smears using the Autopap 300 QC system.,10.1002/(sici)1097-0339(199903)20:3<170::aid-dc12>3.0.co;2-6,eng,https://pubmed.ncbi.nlm.nih.gov/10086244/
MED,8604565,1996,Sensitivity of the AutoPap 300 QC System for cervical cytologic abnormalities. Biopsy data confirmation.,10.1159/000333593,eng,https://pubmed.ncbi.nlm.nih.gov/8604565/
MED,9494597,1997,The PAPNET system for quality control of cervical smears: validation and limits.,,eng,https://pubmed.ncbi.nlm.nih.gov/9494597/
MED,9438746,1998,PAPNET-assisted rescreening of cervical smears: cost and accuracy compared with a 100% manual rescreening strategy.,10.1001/jama.279.3.235,eng,https://pubmed.ncbi.nlm.nih.gov/9438746/
MED,9041745,1996,Comparison of the cervical cytology test using the PAPNET method and conventional microscopy.,,eng,https://pubmed.ncbi.nlm.nih.gov/9041745/
MED,10934954,2000,Reproducibility in double scanning of cervical smears with the PAPNET system.,10.1159/000328535,eng,https://pubmed.ncbi.nlm.nih.gov/10934954/
MED,11391816,2001,Presence of proliferating (MiB-1-positive) cells in cervical smears of women infected with HIV is associated with clinical outcome: a study of Brazilian women.,10.1002/dc.1083,eng,https://pubmed.ncbi.nlm.nih.gov/11391816/
MED,12903522,2000,[Papanicolaou test in pregnancy].,,chi,https://pubmed.ncbi.nlm.nih.gov/12903522/
MED,9476654,1998,What is the value of proliferation markers in the normal and neoplastic cervix?,10.14670/hh-13.249,eng,https://pubmed.ncbi.nlm.nih.gov/9476654/
MED,9479347,1998,Interactive neural-network-assisted screening. An economic assessment.,10.1159/000331553,eng,https://pubmed.ncbi.nlm.nih.gov/9479347/
MED,9987444,1999,Determining the utility and effectiveness of the NeoPath AutoPap 300 QC System used routinely.,10.1159/000330862,eng,https://pubmed.ncbi.nlm.nih.gov/9987444/
MED,12556087,2002,How to improve cytologic screening for endocervical adenocarcinoma?,,eng,https://pubmed.ncbi.nlm.nih.gov/12556087/
MED,10945903,2000,Use of computer-assisted rescreening as an ancillary tool to subclassify AGUS cervical smears.,10.1002/1097-0339(200009)23:3<165::aid-dc5>3.0.co;2-h,eng,https://pubmed.ncbi.nlm.nih.gov/10945903/
MED,9479346,1998,Interactive neural-network-assisted screening. A clinical assessment.,10.1159/000331552,eng,https://pubmed.ncbi.nlm.nih.gov/9479346/
MED,9557903,1998,FTIR microspectroscopic study of cell types and potential confounding variables in screening for cervical malignancies.,10.1002/(sici)1520-6343(1998)4:2%3c75::aid-bspy1%3e3.0.co;2-r,eng,https://pubmed.ncbi.nlm.nih.gov/9557903/
MED,40803957,2026,"Machine learning, deep learning, and artificial intelligence as applied to the field of cytopathology: a comprehensive review.",10.1016/j.jasc.2025.07.004,eng,https://pubmed.ncbi.nlm.nih.gov/40803957/
MED,33548162,2021,Cervical cancer: Automation of Pap test screening.,10.1002/dc.24708,eng,https://pubmed.ncbi.nlm.nih.gov/33548162/
MED,26448176,2015,Cervical histology after routine ThinPrep or SurePath liquid-based cytology and computer-assisted reading in Denmark.,10.1038/bjc.2015.339,eng,https://pubmed.ncbi.nlm.nih.gov/26448176/
MED,24045555,2013,Performance and reproducibility of gynecologic cytology interpretation using the FocalPoint system: results of the RODEO Study Team.,10.1309/ajcpwl36jxmresfh,eng,https://pubmed.ncbi.nlm.nih.gov/24045555/
MED,23843282,2013,A validation study of the Focalpoint GS imaging system for gynecologic cytology screening.,10.1002/cncy.21336,eng,https://pubmed.ncbi.nlm.nih.gov/23843282/
MED,23843272,2013,Reply to a validation study of the Focalpoint GS imaging system for gynecologic cytology screening.,10.1002/cncy.21335,eng,https://pubmed.ncbi.nlm.nih.gov/23843272/
MED,22288966,2012,The positive impact of simultaneous implementation of the BD FocalPoint GS Imaging System and lean principles on the operation of gynecologic cytology.,10.5858/arpa.2011-0139-oa,eng,https://pubmed.ncbi.nlm.nih.gov/22288966/
MED,23406848,2013,Effects on cervical cytology screening productivity associated with implementation of the BD FocalPoint™ Guided Screener Imaging System.,10.1159/000345569,eng,https://pubmed.ncbi.nlm.nih.gov/23406848/
MED,25195537,2014,Automated screening of conventional gynecological cytology smears: feasible and reliable.,10.1159/000365944,eng,https://pubmed.ncbi.nlm.nih.gov/25195537/
MED,20209621,2010,BD focalpoint slide profiler performance with atypical glandular cells on SurePath Papanicolaou smears.,10.1002/cncy.20067,eng,https://pubmed.ncbi.nlm.nih.gov/20209621/
MED,23361915,2013,A validation study of the FocalPoint GS imaging system for gynecologic cytology screening.,10.1002/cncy.21271,eng,https://pubmed.ncbi.nlm.nih.gov/23361915/
MED,17036515,2006,Quality control of the autopap screening system employed as a primary screening device: rapid review of smears coded as no further review.,10.1177/030089160609200402,eng,https://pubmed.ncbi.nlm.nih.gov/17036515/
MED,10402327,1999,"By the way, doctor. I read with interest your article regarding conventional Pap smears, PapNet, and AutoPap. Lately I've been reading about another test called ThinPrep. I'm not sure which one to request. Which of these techniques is better for detecting cervical cancer?",,eng,https://pubmed.ncbi.nlm.nih.gov/10402327/
MED,22505211,2012,Implementation of FocalPoint GS location-guided imaging system: experience in a clinical setting.,10.1002/cncy.20187,eng,https://pubmed.ncbi.nlm.nih.gov/22505211/
MED,23859903,2013,Health technology assessment of computer-assisted pap test screening in Italy.,10.1159/000351167,eng,https://pubmed.ncbi.nlm.nih.gov/23859903/
MED,10394585,1999,Automated cervical cytology: meta-analyses of the performance of the AutoPap 300 QC System.,10.1097/00006254-199907000-00027,eng,https://pubmed.ncbi.nlm.nih.gov/10394585/
MED,26917984,2016,"Artificial Neural Networks as Decision Support Tools in Cytopathology: Past, Present, and Future.",10.4137/becb.s31601,eng,https://pubmed.ncbi.nlm.nih.gov/26917984/
MED,9987447,1999,PAPNET for cervical cytology screening. Experience in Greece.,10.1159/000330865,eng,https://pubmed.ncbi.nlm.nih.gov/9987447/
MED,25950330,1999,Utility-and Cost-Effectiveness of PAPNET Secondary Screening Technology for Cervical Cytology.,10.1097/00128360-199901000-00041,eng,https://pubmed.ncbi.nlm.nih.gov/25950330/
MED,14595790,2003,Effectiveness of the SurePath liquid-based Pap test in automated screening and in detection of HSIL.,10.1002/dc.10373,eng,https://pubmed.ncbi.nlm.nih.gov/14595790/
MED,10349363,1999,Sensitivity studies of AutoPap System Location-Guided Screening of cervical-vaginal cytologic smears.,10.1159/000331082,eng,https://pubmed.ncbi.nlm.nih.gov/10349363/
MED,15937917,2005,A novel automated screening and interpretation process for cervical cytology using the internet transmission of low-resolution images: a feasibility study.,10.1002/cncr.21098,eng,https://pubmed.ncbi.nlm.nih.gov/15937917/
MED,9793395,1998,[The PAPNET system in the rescreening of negative cervical/vaginal smears. A study from the Imola cytology laboratory].,,ita,https://pubmed.ncbi.nlm.nih.gov/9793395/
MED,10198930,1999,Automated cervical cytology: meta-analyses of the performance of the PAPNET system.,10.1097/00006254-199904000-00022,eng,https://pubmed.ncbi.nlm.nih.gov/10198930/
MED,9022730,1997,Quality assurance in cervical cytology screening. Comparison of rapid rescreening and the PAPNET Testing System.,10.1159/000332309,eng,https://pubmed.ncbi.nlm.nih.gov/9022730/
MED,10536424,1999,[Automation of cytological analysis of cervical smears].,,ita,https://pubmed.ncbi.nlm.nih.gov/10536424/
MED,10484869,1999,[An interlaboratory study of the use of PapNet in the quality control of cervico-vaginal cytology].,,ita,https://pubmed.ncbi.nlm.nih.gov/10484869/
MED,12357502,2002,Endometrial cells and the AutoPap System for primary screening of cervicovaginal Pap smears.,10.1002/dc.10175,eng,https://pubmed.ncbi.nlm.nih.gov/12357502/
MED,9861532,1998,The use of the PAPNET automated cytological screening system for the diagnosis of oral squamous carcinoma.,10.1046/j.1365-2303.1998.00126.x,eng,https://pubmed.ncbi.nlm.nih.gov/9861532/
MED,7587873,1995,Evaluation of PAPNET system for rescreening of negative cervical smears.,10.1002/dc.2840130108,eng,https://pubmed.ncbi.nlm.nih.gov/7587873/
MED,9022728,1997,PAPNET Testing System. Technical update.,10.1159/000332307,eng,https://pubmed.ncbi.nlm.nih.gov/9022728/
MED,25951358,1998,Applications of automation in cervical cancer screening.,10.1097/00128360-199801000-00005,eng,https://pubmed.ncbi.nlm.nih.gov/25951358/
MED,11213501,2001,Cost analysis of PAPNET-assisted vs. conventional Pap smear evaluation in primary screening of cervical smears.,10.1159/000327184,eng,https://pubmed.ncbi.nlm.nih.gov/11213501/
MED,11268471,2000,PAPNET-assisted primary screening of conventional cervical smears.,,eng,https://pubmed.ncbi.nlm.nih.gov/11268471/
MED,25950213,1998,Neural network-based screening of atypical squamous cells of undetermined significance.,10.1097/00128360-199810000-00004,eng,https://pubmed.ncbi.nlm.nih.gov/25950213/
MED,18544049,2009,"Quality control for normal liquid-based cytology: rescreening, high-risk HPV targeted reviewing and/or high-risk HPV detection?",10.1111/j.1582-4934.2008.00379.x,eng,https://pubmed.ncbi.nlm.nih.gov/18544049/
MED,9479349,1998,Detection of unsuspected abnormalities by PAPNET-assisted review.,10.1159/000331555,eng,https://pubmed.ncbi.nlm.nih.gov/9479349/
MED,11247624,2001,Use of the Autopap as a primary automated cervical cancer screening system.,10.5694/j.1326-5377.2001.tb143197.x,eng,https://pubmed.ncbi.nlm.nih.gov/11247624/
MED,9782761,1998,[Evaluation of PAPNET--a semiautomated system used in the screening against cervical cancer].,,dan,https://pubmed.ncbi.nlm.nih.gov/9782761/
MED,8834316,1995,Semiautomatic PAPNET analysis of proliferating (MiB-1-positive) cells in cervical cytology and histology.,10.1002/dc.2840130510,eng,https://pubmed.ncbi.nlm.nih.gov/8834316/
MED,7483997,1995,A clinical trial of the AutoPap 300 QC system for quality control of cervicovaginal cytology in the clinical laboratory.,,eng,https://pubmed.ncbi.nlm.nih.gov/7483997/
MED,11888083,2002,Can technology expedite the cervical cancer screening process? A Hong Kong experience using the AutoPap primary screening system with location-guided screening capability.,10.1309/jc8e-4qnu-u60n-x612,eng,https://pubmed.ncbi.nlm.nih.gov/11888083/
MED,8116579,1994,Evaluation of the PAPNET cytologic screening system for quality control of cervical smears.,10.1093/ajcp/101.2.220,eng,https://pubmed.ncbi.nlm.nih.gov/8116579/
MED,11309775,2001,The human false-negative rate of rescreening Pap tests. Measured in a two-arm prospective clinical trial.,10.1002/cncr.9015,eng,https://pubmed.ncbi.nlm.nih.gov/11309775/
MED,7892166,1994,Neural network processing of cervical smears can lead to a decrease in diagnostic variability and an increase in screening efficacy: a study of 63 false-negative smears.,,eng,https://pubmed.ncbi.nlm.nih.gov/7892166/
MED,9313983,1997,Evaluation of PAPNET-assisted cervical rescreening.,10.1111/j.1365-2303.1997.tb00555.x,eng,https://pubmed.ncbi.nlm.nih.gov/9313983/
MED,18077978,2007,Evaluation of the FocalPoint GS system performance in an Italian population-based screening of cervical abnormalities.,10.1159/000325862,eng,https://pubmed.ncbi.nlm.nih.gov/18077978/
MED,8872433,1996,Detection of endocervical component by PAPNET system on negative cervical smears.,10.1002/(sici)1097-0339(199608)15:2<121::aid-dc7>3.0.co;2-l,eng,https://pubmed.ncbi.nlm.nih.gov/8872433/
MED,10495327,1999,Comparison of Papnet-assisted and manual screening of cervical smears.,10.1002/(sici)1097-0339(199910)21:4<296::aid-dc14>3.0.co;2-8,eng,https://pubmed.ncbi.nlm.nih.gov/10495327/
MED,9250299,1997,Evaluation of the PAPNET system for prescreening triage of cervicovaginal smears.,10.1159/000332788,eng,https://pubmed.ncbi.nlm.nih.gov/9250299/
MED,9628707,1998,Rescreening of cervical Papanicolaou smears using PAPNET.,,eng,https://pubmed.ncbi.nlm.nih.gov/9628707/
MED,9628705,1998,Rescreening of cervical Papanicolaou smears using PAPNET.,10.1001/jama.279.22.1785,eng,https://pubmed.ncbi.nlm.nih.gov/9628705/
MED,9628708,1998,Rescreening of cervical Papanicolaou smears using PAPNET.,,eng,https://pubmed.ncbi.nlm.nih.gov/9628708/
MED,11218185,2000,Detection of false-negative Pap smears using the PAPNET system.,10.1177/030089160008600604,eng,https://pubmed.ncbi.nlm.nih.gov/11218185/
MED,11917575,2002,"Use of automated primary screening on liquid-based, thin-layer preparations.",10.1159/000326724,eng,https://pubmed.ncbi.nlm.nih.gov/11917575/
MED,9932073,1999,Reducing mortality due to cervical cancer. PAPNET fails the test.,10.1001/archfami.8.1.56,eng,https://pubmed.ncbi.nlm.nih.gov/9932073/
MED,9628706,1998,Rescreening of cervical Papanicolaou smears using PAPNET.,,eng,https://pubmed.ncbi.nlm.nih.gov/9628706/
MED,9987733,1999,Results of AutoPap system-assisted and manual cytologic screening. A comparison.,,eng,https://pubmed.ncbi.nlm.nih.gov/9987733/
MED,9206764,1997,[The PAPNET system in cytological rescreening of cervical smears].,,ita,https://pubmed.ncbi.nlm.nih.gov/9206764/
MED,22351120,2013,American Society of Cytopathology workload recommendations for automated Pap test screening: developed by the productivity and quality assurance in the era of automated screening task force.,10.1002/dc.22817,eng,https://pubmed.ncbi.nlm.nih.gov/22351120/
MED,9479344,1998,A feasibility study of the AutoPap system location-guided screening.,10.1159/000331550,eng,https://pubmed.ncbi.nlm.nih.gov/9479344/
MED,11002364,2000,"Usefulness of cervical collection by the exact touch, the saccomanno single sampler, combined with automated primary screening.",10.1002/1097-0339(200010)23:4<242::aid-dc5>3.0.co;2-d,eng,https://pubmed.ncbi.nlm.nih.gov/11002364/
MED,12209662,2002,Measuring sensitivity in gynecologic cytology: a review.,10.1002/cncr.10717,eng,https://pubmed.ncbi.nlm.nih.gov/12209662/
MED,9754374,1998,[Value of a computer-assisted screening method (PAPNET) for the detection of infectious cervico-uterine smears].,,fre,https://pubmed.ncbi.nlm.nih.gov/9754374/
MED,9181316,1997,Effectiveness of automated cervical cytology rescreening using the AutoPap 300 QC System.,10.1002/(sici)1097-0339(199706)16:6<505::aid-dc7>3.0.co;2-8,eng,https://pubmed.ncbi.nlm.nih.gov/9181316/
MED,9022725,1997,"AutoPap 300 QC system scoring of cervical smears without ""epithelial cell abnormalities"".",10.1159/000332304,eng,https://pubmed.ncbi.nlm.nih.gov/9022725/
MED,11575647,2001,Performance of the AutoPap Primary Screening System in the detection of high-risk cases in cervicovaginal smears.,10.1159/000328291,eng,https://pubmed.ncbi.nlm.nih.gov/11575647/
MED,9801201,1998,"Performance of a semiautomated Papanicolaou smear screening system: results of a population-based study conducted in Guanacaste, Costa Rica.",10.1002/(sici)1097-0142(19981025)84:5<273::aid-cncr2>3.0.co;2-#,eng,https://pubmed.ncbi.nlm.nih.gov/9801201/
MED,9576572,1998,Evaluation of esophageal cytology using a neural net-based interactive scanning system (the PAPNET system): its possible role in screening for esophageal and gastric carcinoma.,10.1093/ajcp/109.5.549,eng,https://pubmed.ncbi.nlm.nih.gov/9576572/
MED,12094957,2002,Papnet-assisted cytological diagnosis intensifies the already marked variability among cytological laboratories.,,eng,https://pubmed.ncbi.nlm.nih.gov/12094957/
MED,9987445,1999,Does use of the AutoPap assisted primary screener improve cytologic diagnosis?,10.1159/000330863,eng,https://pubmed.ncbi.nlm.nih.gov/9987445/
MED,7948757,1994,Computer-assisted primary screening of cervical smears using the PAPNET method: comparison with conventional screening and evaluation of the role of the cytologist.,10.1111/j.1365-2303.1994.tb00422.x,eng,https://pubmed.ncbi.nlm.nih.gov/7948757/
MED,8604564,1996,Computer-assisted rescreening of clinically important false negative cervical smears using the PAPNET Testing System.,10.1159/000333592,eng,https://pubmed.ncbi.nlm.nih.gov/8604564/
MED,8086271,1994,PAPNET for analysis of proliferating (MIB-1 positive) cell populations in cervical smears.,,eng,https://pubmed.ncbi.nlm.nih.gov/8086271/
MED,9915138,1998,Rescreening of atypical cervicovaginal smears using PAPNET.,10.1002/(sici)1097-0142(19981225)84:6<361::aid-cncr8>3.0.co;2-f,eng,https://pubmed.ncbi.nlm.nih.gov/9915138/
MED,8646706,1996,Consequences of neural network technology for cervical screening: increase in diagnostic consistency and positive scores.,10.1002/(sici)1097-0142(19960701)78:1<112::aid-cncr16>3.0.co;2-2,eng,https://pubmed.ncbi.nlm.nih.gov/8646706/
MED,8168062,1994,Computer-assisted cervical cancer screening using neural networks.,10.1016/0304-3835(94)90098-1,eng,https://pubmed.ncbi.nlm.nih.gov/8168062/
MED,17168921,2006,Improved endocervical sampling and HPV viral load detection by Cervex-Brush Combi.,10.1111/j.1365-2303.2006.00386.x,eng,https://pubmed.ncbi.nlm.nih.gov/17168921/
MED,7574913,1995,[Computer-assisted rescreening of cervicovaginal smears stained by the Papanicolaou method. Evaluation of the PAPNET system apropos of 225 cases].,,fre,https://pubmed.ncbi.nlm.nih.gov/7574913/
MED,7587871,1995,Efficacy of automated cervical cytology screening.,10.1002/dc.2840130107,eng,https://pubmed.ncbi.nlm.nih.gov/7587871/
MED,8167098,1994,An analysis of the variation of human interpretation: Papnet a mini-challenge.,,eng,https://pubmed.ncbi.nlm.nih.gov/8167098/
MED,16637510,2006,Optimized quality of histologic images allows the use of neural network scanning in diagnosis of fungal infection of abnormal nails.,,eng,https://pubmed.ncbi.nlm.nih.gov/16637510/
MED,41634646,2026,"A real-world multicenter study on opportunistic cervical cancer screening in hospital in China: comparison of TruScreen device, cytology, and HPV testing for detecting high-grade cervical lesions.",10.1186/s12885-026-15590-6,eng,https://pubmed.ncbi.nlm.nih.gov/41634646/
MED,39516544,2024,Evaluation of a real-time optoelectronic method for the detection of cervical intraepithelial neoplasia and cervical cancer in patients with different transformation zone types.,10.1038/s41598-024-78773-w,eng,https://pubmed.ncbi.nlm.nih.gov/39516544/
MED,40470312,2025,Assessment of the Real-Time Photoelectric Detection Device (TruScreen) in Screening for Cervical Precancerous Lesions in Middle-Aged Women: An Observational Study.,10.2147/rmhp.s524022,eng,https://pubmed.ncbi.nlm.nih.gov/40470312/
MED,40254583,2025,Cervical cancer screening: a comparative study of TruScreen vs. Pap Smear.,10.1186/s12905-025-03733-z,eng,https://pubmed.ncbi.nlm.nih.gov/40254583/
PPR,PPR799111,2024,Significant specificity of TruScreen in cervical cytology of ASC and LSIL women with incomplete cervical transformation zone type during COVID-19 post-pandemic in China: a prospective study,10.22541/au.170667174.47188565/v1,,https://europepmc.org/article/PPR/PPR799111
MED,33635909,2021,Evaluation of a real-time optoelectronic method in the diagnostics of CIN over four years of observations.,10.1371/journal.pone.0247702,eng,https://pubmed.ncbi.nlm.nih.gov/33635909/
MED,34625339,2021,Clinical evaluation of a real-time optoelectronic device in cervical cancer screening.,10.1016/j.ejogrb.2021.09.027,eng,https://pubmed.ncbi.nlm.nih.gov/34625339/
PPR,PPR887044,2024,Beyond Tradition: Investigating TruScreen's Performance Versus Pap Smear in Cervical Cancer Detection,10.21203/rs.3.rs-4638793/v1,,https://europepmc.org/article/PPR/PPR887044
MED,38054304,2023,Effectiveness of TruScreen for detecting CIN2+ in women with ThinPrep cytologic test results indicating atypical squamous cells of undetermined significance and low-grade squamous intraepithelial lesions.,10.2217/fon-2023-0297,eng,https://pubmed.ncbi.nlm.nih.gov/38054304/
MED,36747889,2023,"BestCyte® primary screening of 500 ThinPrep Pap Test thin-layers: 3 Cytologists' Interobserver diagnostic concordance with predicate manual microscopy relative to Truth Reference diagnoses defining NILM, ASCUS+, LSIL+, and ASCH+ thresholds for specificity, sensitivity, and equivalency grading.",10.1016/j.jpi.2022.100182,eng,https://pubmed.ncbi.nlm.nih.gov/36747889/
MED,38817879,2024,Optimal Screening and Detection Strategies for Cervical Lesions: A Retrospective Study.,10.7150/jca.96128,eng,https://pubmed.ncbi.nlm.nih.gov/38817879/
MED,31111676,2019,Adaptation of CytoProcessor for cervical cancer screening of challenging slides.,10.1002/dc.24213,eng,https://pubmed.ncbi.nlm.nih.gov/31111676/
MED,30089942,2018,Cervicouterine Cancer Screening - TruScreen™ vs. Conventional Cytology: Pilot Study.,10.4103/joc.joc_111_17,eng,https://pubmed.ncbi.nlm.nih.gov/30089942/
MED,33331168,2021,TruScreen detection of cervical tissues for high-risk human papillomavirus-infected women during the COVID-19 pandemic.,10.2217/fon-2020-0928,eng,https://pubmed.ncbi.nlm.nih.gov/33331168/
MED,26817256,2015,[CLINICAL PERFORMANCE OF DIFFERENT METHODS FOR CERVICAL SCREENING].,,bul,https://pubmed.ncbi.nlm.nih.gov/26817256/
MED,30929755,2019,Variability among observers utilizing the CellSolutions BestCyte Cell Sorter imaging system for the assessment of urinary tract cytology specimens.,10.1016/j.jasc.2018.10.001,eng,https://pubmed.ncbi.nlm.nih.gov/30929755/
MED,32634143,2020,"Comparison of the detection rate of cervical lesion with TruScreen, LBC test and HPV test: A Real-world study based on population screening of cervical cancer in rural areas of China.",10.1371/journal.pone.0233986,eng,https://pubmed.ncbi.nlm.nih.gov/32634143/
MED,24283057,2013,"[Diagnostic value of TruScreen, cytology and colposcopy].",,bul,https://pubmed.ncbi.nlm.nih.gov/24283057/
PPR,PPR456085,2022,Herpes Simplex Virus Gene Variants among Asymptomatic Women in Ghana: a pilot study,10.21203/rs.3.rs-1373897/v1,,https://europepmc.org/article/PPR/PPR456085
PPR,PPR1266333,2026,Childhood cancer in singletons conceived via medically assisted reproduction in Australia: a population-based cohort study,10.64898/2026.04.08.26350447,,https://europepmc.org/article/PPR/PPR1266333
MED,23296464,2013,The feasibilities of TruScreen for primary cervical cancer screening: a self-controlled study.,10.1007/s00404-012-2697-4,eng,https://pubmed.ncbi.nlm.nih.gov/23296464/
MED,25788849,2015,Efficacy of a real time optoelectronic device (TruScreen™) in detecting cervical intraepithelial pathologies: a prospective observational study.,10.5152/jtgga.2015.15199,eng,https://pubmed.ncbi.nlm.nih.gov/25788849/
MED,30024517,2018,The diagnostic accuracy of a real-time optoelectronic device in cervical cancer screening: A PRISMA-compliant systematic review and meta-analysis.,10.1097/md.0000000000011439,eng,https://pubmed.ncbi.nlm.nih.gov/30024517/
MED,26711075,2015,[Diagnostic value of TruScreen in cervical lesions screening].,,chi,https://pubmed.ncbi.nlm.nih.gov/26711075/
MED,25277345,2014,Evaluation of CellSolutions BestPrep® automated thin-layer liquid-based cytology Papanicolaou slide preparation and BestCyte® cell sorter imaging system.,10.1159/000367837,eng,https://pubmed.ncbi.nlm.nih.gov/25277345/
MED,20225497,2009,[Possibilities of the TruScreen for screening of precancer and cancer of the uterine cervix].,,bul,https://pubmed.ncbi.nlm.nih.gov/20225497/
MED,21914550,2011,Application of TruScreen in detecting ASCUS patients.,10.1016/s1995-7645(11)60170-3,eng,https://pubmed.ncbi.nlm.nih.gov/21914550/
MED,14675317,2003,A real time optoelectronic device as an adjunct to the Pap smear for cervical screening: a multicenter evaluation.,10.1111/j.1525-1438.2003.13393.x,eng,https://pubmed.ncbi.nlm.nih.gov/14675317/
MED,20965832,2010,[An optoelectronic cervical cancer screening system for screening cervical cancer: comparison with cervical cytology].,,chi,https://pubmed.ncbi.nlm.nih.gov/20965832/
MED,18624109,2008,[Assesment of real optoelectronic method in the detection of cervical intraepithelial neoplasia].,,pol,https://pubmed.ncbi.nlm.nih.gov/18624109/
MED,17727937,2007,Impedance measurements for cervical cancer diagnosis.,10.1016/j.ygyno.2007.07.030,eng,https://pubmed.ncbi.nlm.nih.gov/17727937/
MED,18549701,2008,Antibubble trajectory during embryo transfers in donor egg IVF does not predict success.,10.1016/s1472-6483(10)60156-3,eng,https://pubmed.ncbi.nlm.nih.gov/18549701/
